date,containment_and_health,stringency,economics_sup,total_cases,new_cases,total_deaths,new_deaths,gov_response,people_vaccinated_per_hundred,people_fully_vaccinated_per_hundred,total_boosters_per_hundred
2020-01-30,11.9,11.12,0.0,4.0,4.0,1.0,1.0,26.05,0.0,0.0,0.0
2020-01-31,27.98,13.89,0.0,6.0,2.0,1.0,0.0,58.86,0.0,0.0,0.0
2020-02-01,27.98,13.89,0.0,6.0,0.0,1.0,0.0,58.86,0.0,0.0,0.0
2020-02-02,33.34,22.22,0.0,10.0,4.0,2.0,1.0,72.9,0.0,0.0,0.0
2020-02-03,33.34,22.22,0.0,88.0,78.0,2.0,0.0,72.9,0.0,0.0,0.0
2020-02-04,33.34,22.22,0.0,88.0,0.0,2.0,0.0,72.9,0.0,0.0,0.0
2020-02-05,33.34,22.22,0.0,93.0,5.0,2.0,0.0,72.9,0.0,0.0,0.0
2020-02-06,33.34,22.22,0.0,93.0,0.0,2.0,0.0,72.9,0.0,0.0,0.0
2020-02-07,33.34,22.22,0.0,93.0,0.0,2.0,0.0,72.9,0.0,0.0,0.0
2020-02-08,33.34,22.22,0.0,109.0,16.0,2.0,0.0,72.9,0.0,0.0,0.0
2020-02-09,33.34,22.22,0.0,114.0,5.0,2.0,0.0,72.9,0.0,0.0,0.0
2020-02-10,33.34,22.22,0.0,118.0,4.0,2.0,0.0,72.9,0.0,0.0,0.0
2020-02-11,33.34,22.22,0.0,135.0,17.0,2.0,0.0,72.9,0.0,0.0,0.0
2020-02-12,33.34,22.22,0.0,140.0,5.0,2.0,0.0,72.9,0.0,0.0,0.0
2020-02-13,33.34,22.22,0.0,145.0,5.0,2.0,0.0,72.9,0.0,0.0,0.0
2020-02-14,33.34,22.22,0.0,146.0,1.0,2.0,0.0,72.9,0.0,0.0,0.0
2020-02-15,33.34,22.22,0.0,146.0,0.0,2.0,0.0,72.9,0.0,0.0,0.0
2020-02-16,33.34,22.22,0.0,146.0,0.0,2.0,0.0,72.9,0.0,0.0,0.0
2020-02-17,33.34,22.22,0.0,151.0,5.0,2.0,0.0,72.9,0.0,0.0,0.0
2020-02-18,33.34,22.22,0.0,151.0,0.0,2.0,0.0,72.9,0.0,0.0,0.0
2020-02-19,33.34,22.22,0.0,152.0,1.0,2.0,0.0,72.9,0.0,0.0,0.0
2020-02-20,33.34,22.22,0.0,154.0,2.0,2.0,0.0,72.9,0.0,0.0,0.0
2020-02-21,33.34,22.22,0.0,163.0,9.0,2.0,0.0,72.9,0.0,0.0,0.0
2020-02-22,33.34,22.22,0.0,163.0,0.0,3.0,1.0,72.9,0.0,0.0,0.0
2020-02-23,33.34,22.22,0.0,192.0,29.0,3.0,0.0,72.9,0.0,0.0,0.0
2020-02-24,33.34,22.22,0.0,202.0,10.0,3.0,0.0,72.9,0.0,0.0,0.0
2020-02-25,33.34,22.22,0.0,218.0,16.0,3.0,0.0,72.9,0.0,0.0,0.0
2020-02-26,46.440000000000005,33.33,0.0,87.0,0.0,3.0,0.0,63.540000000000006,0.0,0.0,0.0
2020-02-27,63.11000000000001,44.44,0.0,101.0,14.0,3.0,0.0,69.78,0.0,0.0,0.0
2020-02-28,76.21000000000001,55.55,0.0,124.0,23.0,3.0,0.0,66.66,0.0,0.0,0.0
2020-02-29,76.21000000000001,55.55,0.0,133.0,9.0,3.0,0.0,66.66,0.0,0.0,0.0
2020-03-01,76.21000000000001,55.55,0.0,186.0,53.0,3.0,0.0,66.66,0.0,0.0,0.0
2020-03-02,76.21000000000001,55.55,0.0,267.0,81.0,4.0,1.0,66.66,0.0,0.0,0.0
2020-03-03,76.21000000000001,55.55,0.0,379.0,112.0,4.0,0.0,66.66,0.0,0.0,0.0
2020-03-04,76.21000000000001,55.55,0.0,491.0,112.0,5.0,1.0,66.66,0.0,0.0,0.0
2020-03-05,76.21000000000001,55.55,0.0,589.0,98.0,7.0,2.0,66.66,0.0,0.0,0.0
2020-03-06,76.21000000000001,55.55,0.0,751.0,162.0,10.0,3.0,66.66,0.0,0.0,0.0
2020-03-07,76.21000000000001,55.55,0.0,874.0,123.0,11.0,1.0,66.66,0.0,0.0,0.0
2020-03-08,76.21000000000001,55.55,0.0,983.0,109.0,13.0,2.0,66.66,0.0,0.0,0.0
2020-03-09,76.21000000000001,55.55,0.0,1278.0,295.0,19.0,6.0,66.66,0.0,0.0,0.0
2020-03-10,76.21000000000001,55.55,0.0,1801.0,523.0,26.0,7.0,66.66,0.0,0.0,0.0
2020-03-11,76.21000000000001,55.55,0.0,2615.0,814.0,33.0,7.0,66.66,0.0,0.0,0.0
2020-03-12,61.92,55.55,0.0,3588.0,973.0,48.0,15.0,54.17,0.0,0.0,0.0
2020-03-13,65.49,61.1,0.0,4545.0,957.0,65.0,17.0,57.300000000000004,0.0,0.0,0.0
2020-03-14,65.49,61.1,0.0,5261.0,716.0,105.0,40.0,57.300000000000004,0.0,0.0,0.0
2020-03-15,65.49,61.1,0.0,6144.0,883.0,150.0,45.0,57.300000000000004,0.0,0.0,0.0
2020-03-16,84.54,90.73,0.0,7358.0,1214.0,223.0,73.0,73.96,0.0,0.0,0.0
2020-03-17,98.82000000000001,112.96000000000001,125.0,8909.0,1551.0,298.0,75.0,102.08,0.0,0.0,0.0
2020-03-18,114.29,137.03,125.0,10889.0,1980.0,405.0,107.0,115.63,0.0,0.0,0.0
2020-03-19,114.29,137.03,325.0,12986.0,2097.0,530.0,125.0,140.62,0.0,0.0,0.0
2020-03-20,144.04,183.35,437.5,15492.0,2506.0,680.0,150.0,180.73,0.0,0.0,0.0
2020-03-21,183.94,245.37,437.5,17870.0,2378.0,882.0,202.0,215.62,0.0,0.0,0.0
2020-03-22,218.45,291.66999999999996,437.5,20608.0,2738.0,1101.0,219.0,245.85,0.0,0.0,0.0
2020-03-23,311.02,391.2,437.5,25233.0,4625.0,1385.0,284.0,326.83,0.0,0.0,0.0
2020-03-24,315.48,398.15,437.5,29958.0,4725.0,1796.0,411.0,330.73,0.0,0.0,0.0
2020-03-25,315.48,398.15,450.0,35317.0,5359.0,2324.0,528.0,332.3,0.0,0.0,0.0
2020-03-26,315.48,398.15,500.0,41440.0,6123.0,2918.0,594.0,338.54,0.0,0.0,0.0
2020-03-27,315.48,398.15,500.0,47795.0,6355.0,3669.0,751.0,338.54,0.0,0.0,0.0
2020-03-28,315.48,398.15,500.0,53391.0,5596.0,4477.0,808.0,338.54,0.0,0.0,0.0
2020-03-29,315.48,398.15,500.0,59066.0,5675.0,5275.0,798.0,338.54,0.0,0.0,0.0
2020-03-30,317.87,398.15,500.0,67534.0,8468.0,6360.0,1085.0,340.62,0.0,0.0,0.0
2020-03-31,317.87,398.15,500.0,76512.0,8978.0,7594.0,1234.0,340.62,0.0,0.0,0.0
2020-04-01,317.87,398.15,500.0,86317.0,9805.0,9190.0,1596.0,340.62,0.0,0.0,0.0
2020-04-02,317.87,398.15,500.0,96006.0,9689.0,10854.0,1664.0,340.62,0.0,0.0,0.0
2020-04-03,317.87,398.15,500.0,105774.0,9768.0,12651.0,1797.0,340.62,0.0,0.0,0.0
2020-04-04,317.87,398.15,500.0,113770.0,7996.0,14554.0,1903.0,340.62,0.0,0.0,0.0
2020-04-05,317.87,398.15,500.0,120920.0,7150.0,16373.0,1819.0,340.62,0.0,0.0,0.0
2020-04-06,317.87,398.15,500.0,131468.0,10548.0,18110.0,1737.0,340.62,0.0,0.0,0.0
2020-04-07,317.87,398.15,500.0,142395.0,10927.0,20508.0,2398.0,340.62,0.0,0.0,0.0
2020-04-08,317.87,398.15,500.0,152670.0,10275.0,22999.0,2491.0,340.62,0.0,0.0,0.0
2020-04-09,317.87,398.15,500.0,162397.0,9727.0,25490.0,2491.0,340.62,0.0,0.0,0.0
2020-04-10,317.87,398.15,500.0,171039.0,8642.0,27931.0,2441.0,340.62,0.0,0.0,0.0
2020-04-11,317.87,398.15,500.0,178201.0,7162.0,30139.0,2208.0,340.62,0.0,0.0,0.0
2020-04-12,317.87,398.15,500.0,185203.0,7002.0,32174.0,2035.0,340.62,0.0,0.0,0.0
2020-04-13,317.87,398.15,500.0,193589.0,8386.0,34130.0,1956.0,340.62,0.0,0.0,0.0
2020-04-14,317.87,398.15,500.0,202249.0,8660.0,36460.0,2330.0,340.62,0.0,0.0,0.0
2020-04-15,317.87,398.15,500.0,212384.0,10135.0,38616.0,2156.0,340.62,0.0,0.0,0.0
2020-04-16,317.87,398.15,500.0,222974.0,10590.0,40974.0,2358.0,340.62,0.0,0.0,0.0
2020-04-17,317.87,398.15,500.0,232916.0,9942.0,43159.0,2185.0,340.62,0.0,0.0,0.0
2020-04-18,317.87,398.15,500.0,242376.0,9460.0,45453.0,2294.0,340.62,0.0,0.0,0.0
2020-04-19,317.87,398.15,500.0,250109.0,7733.0,47007.0,1554.0,340.62,0.0,0.0,0.0
2020-04-20,317.87,398.15,500.0,259408.0,9299.0,48737.0,1730.0,340.62,0.0,0.0,0.0
2020-04-21,317.87,398.15,500.0,268963.0,9555.0,51046.0,2309.0,340.62,0.0,0.0,0.0
2020-04-22,317.87,398.15,500.0,279970.0,11007.0,52995.0,1949.0,340.62,0.0,0.0,0.0
2020-04-23,321.44000000000005,398.15,500.0,290280.0,10310.0,54715.0,1720.0,343.75,0.0,0.0,0.0
2020-04-24,321.44000000000005,398.15,500.0,300214.0,9934.0,56730.0,2015.0,343.75,0.0,0.0,0.0
2020-04-25,321.44000000000005,398.15,500.0,307719.0,7505.0,58464.0,1734.0,343.75,0.0,0.0,0.0
2020-04-26,321.44000000000005,398.15,500.0,314663.0,6944.0,59722.0,1258.0,343.75,0.0,0.0,0.0
2020-04-27,321.44000000000005,398.15,500.0,324104.0,9441.0,60908.0,1186.0,343.75,0.0,0.0,0.0
2020-04-28,324.12,398.15,500.0,333544.0,9440.0,62678.0,1770.0,346.1,0.0,0.0,0.0
2020-04-29,324.12,398.15,500.0,344412.0,10868.0,64264.0,1586.0,346.1,0.0,0.0,0.0
2020-04-30,324.12,398.15,500.0,354329.0,9917.0,65678.0,1414.0,346.1,0.0,0.0,0.0
2020-05-01,324.12,398.15,500.0,363822.0,9493.0,67162.0,1484.0,346.1,0.0,0.0,0.0
2020-05-02,324.12,398.15,500.0,370301.0,6479.0,68451.0,1289.0,346.1,0.0,0.0,0.0
2020-05-03,324.12,398.15,500.0,376277.0,5976.0,69366.0,915.0,346.1,0.0,0.0,0.0
2020-05-04,324.12,398.15,500.0,383053.0,6776.0,70314.0,948.0,346.1,0.0,0.0,0.0
2020-05-05,324.12,398.15,500.0,390423.0,7370.0,71682.0,1368.0,346.1,0.0,0.0,0.0
2020-05-06,324.12,398.15,500.0,398086.0,7663.0,72956.0,1274.0,346.1,0.0,0.0,0.0
2020-05-07,324.12,398.15,500.0,405640.0,7554.0,74045.0,1089.0,346.1,0.0,0.0,0.0
2020-05-08,324.12,398.15,500.0,411753.0,6113.0,75193.0,1148.0,346.1,0.0,0.0,0.0
2020-05-09,324.12,398.15,500.0,416073.0,4320.0,76007.0,814.0,346.1,0.0,0.0,0.0
2020-05-10,324.12,398.15,500.0,420731.0,4658.0,76718.0,711.0,346.1,0.0,0.0,0.0
2020-05-11,320.54,392.6,500.0,427926.0,7195.0,77333.0,615.0,342.97,0.0,0.0,0.0
2020-05-12,316.35999999999996,383.34000000000003,500.0,434725.0,6799.0,78388.0,1055.0,339.32,0.0,0.0,0.0
2020-05-13,300.28999999999996,358.34000000000003,500.0,441353.0,6628.0,79289.0,901.0,325.27,0.0,0.0,0.0
2020-05-14,300.28999999999996,358.34000000000003,500.0,446592.0,5239.0,80106.0,817.0,325.27,0.0,0.0,0.0
2020-05-15,300.28999999999996,358.34000000000003,500.0,451639.0,5047.0,80877.0,771.0,325.27,0.0,0.0,0.0
2020-05-16,300.28999999999996,358.34000000000003,500.0,455786.0,4147.0,81707.0,830.0,325.27,0.0,0.0,0.0
2020-05-17,300.28999999999996,358.34000000000003,500.0,459449.0,3663.0,82151.0,444.0,325.27,0.0,0.0,0.0
2020-05-18,309.82,354.64,500.0,464604.0,5155.0,82704.0,553.0,333.6,0.0,0.0,0.0
2020-05-19,309.82,354.64,500.0,470708.0,6104.0,83576.0,872.0,333.6,0.0,0.0,0.0
2020-05-20,309.82,354.64,500.0,476133.0,5425.0,84257.0,681.0,333.6,0.0,0.0,0.0
2020-05-21,309.82,354.64,500.0,481242.0,5109.0,84872.0,615.0,333.6,0.0,0.0,0.0
2020-05-22,309.82,354.64,500.0,485329.0,4087.0,85463.0,591.0,333.6,0.0,0.0,0.0
2020-05-23,309.82,354.64,500.0,488368.0,3039.0,85967.0,504.0,333.6,0.0,0.0,0.0
2020-05-24,309.82,354.64,500.0,491089.0,2721.0,86627.0,660.0,333.6,0.0,0.0,0.0
2020-05-25,309.82,354.64,500.0,494321.0,3232.0,87010.0,383.0,333.6,0.0,0.0,0.0
2020-05-26,309.82,354.64,500.0,498041.0,3720.0,87441.0,431.0,333.6,0.0,0.0,0.0
2020-05-27,313.39,354.64,500.0,501668.0,3627.0,88145.0,704.0,336.73,0.0,0.0,0.0
2020-05-28,313.39,354.64,500.0,505159.0,3491.0,88776.0,631.0,336.73,0.0,0.0,0.0
2020-05-29,307.44,345.37,500.0,508194.0,3035.0,89304.0,528.0,331.52,0.0,0.0,0.0
2020-05-30,307.44,345.37,500.0,510425.0,2231.0,89677.0,373.0,331.52,0.0,0.0,0.0
2020-05-31,307.44,345.37,500.0,512574.0,2149.0,89932.0,255.0,331.52,0.0,0.0,0.0
2020-06-01,311.01,339.82,500.0,515447.0,2873.0,90217.0,285.0,334.65,0.0,0.0,0.0
2020-06-02,308.63,336.11,500.0,518406.0,2959.0,90699.0,482.0,332.56,0.0,0.0,0.0
2020-06-03,308.63,336.11,500.0,521117.0,2711.0,91156.0,457.0,332.56,0.0,0.0,0.0
2020-06-04,308.63,336.11,500.0,523600.0,2483.0,91469.0,313.0,332.56,0.0,0.0,0.0
2020-06-05,308.63,336.11,500.0,525828.0,2228.0,91911.0,442.0,332.56,0.0,0.0,0.0
2020-06-06,308.63,336.11,500.0,527423.0,1595.0,92205.0,294.0,332.56,0.0,0.0,0.0
2020-06-07,308.63,336.11,500.0,528862.0,1439.0,92422.0,217.0,332.56,0.0,0.0,0.0
2020-06-08,326.49,363.89,500.0,531047.0,2185.0,92630.0,208.0,348.17,0.0,0.0,0.0
2020-06-09,328.27,363.89,500.0,533365.0,2318.0,92962.0,332.0,349.73,0.0,0.0,0.0
2020-06-10,328.27,363.89,500.0,535743.0,2378.0,93292.0,330.0,349.73,0.0,0.0,0.0
2020-06-11,328.27,363.89,500.0,537757.0,2014.0,93489.0,197.0,349.73,0.0,0.0,0.0
2020-06-12,328.27,363.89,500.0,539863.0,2106.0,93755.0,266.0,349.73,0.0,0.0,0.0
2020-06-13,328.27,363.89,500.0,541636.0,1773.0,93963.0,208.0,349.73,0.0,0.0,0.0
2020-06-14,328.27,363.89,500.0,543269.0,1633.0,94126.0,163.0,349.73,0.0,0.0,0.0
2020-06-15,326.48,358.34000000000003,500.0,545340.0,2071.0,94262.0,136.0,348.17,0.0,0.0,0.0
2020-06-16,326.48,358.34000000000003,500.0,547520.0,2180.0,94502.0,240.0,348.17,0.0,0.0,0.0
2020-06-17,326.48,358.34000000000003,500.0,549534.0,2014.0,94717.0,215.0,348.17,0.0,0.0,0.0
2020-06-18,326.48,358.34000000000003,500.0,551576.0,2042.0,94874.0,157.0,348.17,0.0,0.0,0.0
2020-06-19,326.48,358.34000000000003,500.0,553549.0,1973.0,95046.0,172.0,348.17,0.0,0.0,0.0
2020-06-20,326.48,358.34000000000003,500.0,554898.0,1349.0,95204.0,158.0,348.17,0.0,0.0,0.0
2020-06-21,326.48,358.34000000000003,500.0,556156.0,1258.0,95315.0,111.0,348.17,0.0,0.0,0.0
2020-06-22,330.06,358.34000000000003,500.0,557947.0,1791.0,95412.0,97.0,351.3,0.0,0.0,0.0
2020-06-23,330.06,358.34000000000003,500.0,559712.0,1765.0,95603.0,191.0,351.3,0.0,0.0,0.0
2020-06-24,330.06,358.34000000000003,500.0,561263.0,1551.0,95791.0,188.0,351.3,0.0,0.0,0.0
2020-06-25,330.06,358.34000000000003,500.0,562686.0,1423.0,95998.0,207.0,351.3,0.0,0.0,0.0
2020-06-26,326.48,352.78999999999996,500.0,563990.0,1304.0,96154.0,156.0,348.18,0.0,0.0,0.0
2020-06-27,326.48,352.78999999999996,500.0,565276.0,1286.0,96267.0,113.0,348.18,0.0,0.0,0.0
2020-06-28,326.48,352.78999999999996,500.0,566120.0,844.0,96369.0,102.0,348.18,0.0,0.0,0.0
2020-06-29,324.1,349.08,500.0,567448.0,1328.0,96459.0,90.0,346.1,0.0,0.0,0.0
2020-06-30,326.19,352.32,500.0,568474.0,1026.0,96593.0,134.0,347.92,0.0,0.0,0.0
2020-07-01,326.19,352.32,500.0,569186.0,712.0,96744.0,151.0,347.92,0.0,0.0,0.0
2020-07-02,327.38,354.16999999999996,500.0,569796.0,610.0,96846.0,102.0,348.96000000000004,0.0,0.0,0.0
2020-07-03,325.59000000000003,351.39,500.0,570866.0,1070.0,96943.0,97.0,347.39,0.0,0.0,0.0
2020-07-04,324.7,350.0,500.0,571889.0,1023.0,97027.0,84.0,346.61,0.0,0.0,0.0
2020-07-05,324.7,350.0,500.0,572963.0,1074.0,97098.0,71.0,346.61,0.0,0.0,0.0
2020-07-06,310.41,333.33,500.0,574029.0,1066.0,97163.0,65.0,334.11,0.0,0.0,0.0
2020-07-07,308.63,330.55,500.0,575219.0,1190.0,97260.0,97.0,332.55,0.0,0.0,0.0
2020-07-08,308.63,330.55,500.0,576562.0,1343.0,97364.0,104.0,332.55,0.0,0.0,0.0
2020-07-09,308.63,330.55,500.0,577926.0,1364.0,97456.0,92.0,332.55,0.0,0.0,0.0
2020-07-10,312.21000000000004,330.55,500.0,579006.0,1080.0,97534.0,78.0,335.68,0.0,0.0,0.0
2020-07-11,312.21000000000004,330.55,500.0,580285.0,1279.0,97589.0,55.0,335.68,0.0,0.0,0.0
2020-07-12,312.21000000000004,330.55,500.0,581301.0,1016.0,97630.0,41.0,335.68,0.0,0.0,0.0
2020-07-13,312.21000000000004,330.55,500.0,582571.0,1270.0,97685.0,55.0,335.68,0.0,0.0,0.0
2020-07-14,312.21000000000004,330.55,500.0,584516.0,1945.0,97771.0,86.0,335.68,0.0,0.0,0.0
2020-07-15,314.59000000000003,328.7,500.0,585831.0,1315.0,97838.0,67.0,337.77,0.0,0.0,0.0
2020-07-16,314.59000000000003,328.7,500.0,587184.0,1353.0,97883.0,45.0,337.77,0.0,0.0,0.0
2020-07-17,314.59000000000003,328.7,500.0,588453.0,1269.0,97943.0,60.0,337.77,0.0,0.0,0.0
2020-07-18,314.59000000000003,328.7,500.0,589785.0,1332.0,97983.0,40.0,337.77,0.0,0.0,0.0
2020-07-19,314.59000000000003,328.7,500.0,590959.0,1174.0,98018.0,35.0,337.77,0.0,0.0,0.0
2020-07-20,314.59000000000003,328.7,500.0,592369.0,1410.0,98059.0,41.0,337.77,0.0,0.0,0.0
2020-07-21,314.59000000000003,328.7,500.0,593602.0,1233.0,98115.0,56.0,337.77,0.0,0.0,0.0
2020-07-22,312.21000000000004,325.0,500.0,594978.0,1376.0,98166.0,51.0,335.68,0.0,0.0,0.0
2020-07-23,312.21000000000004,325.0,500.0,596555.0,1577.0,98211.0,45.0,335.68,0.0,0.0,0.0
2020-07-24,312.21000000000004,325.0,500.0,598097.0,1542.0,98262.0,51.0,335.68,0.0,0.0,0.0
2020-07-25,312.21000000000004,325.0,500.0,599394.0,1297.0,98300.0,38.0,335.68,0.0,0.0,0.0
2020-07-26,312.21000000000004,325.0,500.0,600702.0,1308.0,98340.0,40.0,335.68,0.0,0.0,0.0
2020-07-27,312.21000000000004,325.0,500.0,602256.0,1554.0,98361.0,21.0,335.68,0.0,0.0,0.0
2020-07-28,312.21000000000004,325.0,500.0,603659.0,1403.0,98408.0,47.0,335.68,0.0,0.0,0.0
2020-07-29,312.21000000000004,325.0,500.0,605518.0,1859.0,98470.0,62.0,335.68,0.0,0.0,0.0
2020-07-30,312.21000000000004,325.0,500.0,607310.0,1792.0,98487.0,17.0,335.68,0.0,0.0,0.0
2020-07-31,309.82,321.28999999999996,500.0,608888.0,1578.0,98538.0,51.0,333.59000000000003,0.0,0.0,0.0
2020-08-01,315.78,330.55,500.0,610208.0,1320.0,98571.0,33.0,338.8,0.0,0.0,0.0
2020-08-02,315.78,330.55,500.0,611515.0,1307.0,98593.0,22.0,338.8,0.0,0.0,0.0
2020-08-03,315.78,330.55,500.0,613513.0,1998.0,98617.0,24.0,338.8,0.0,0.0,0.0
2020-08-04,315.78,330.55,500.0,615249.0,1736.0,98662.0,45.0,338.8,0.0,0.0,0.0
2020-08-05,317.56,333.33,500.0,617232.0,1983.0,98689.0,27.0,340.37,0.0,0.0,0.0
2020-08-06,317.56,333.33,500.0,619287.0,2055.0,98728.0,39.0,340.37,0.0,0.0,0.0
2020-08-07,317.56,333.33,500.0,621131.0,1844.0,98764.0,36.0,340.37,0.0,0.0,0.0
2020-08-08,317.56,333.33,500.0,622599.0,1468.0,98789.0,25.0,340.37,0.0,0.0,0.0
2020-08-09,317.56,333.33,500.0,624288.0,1689.0,98813.0,24.0,340.37,0.0,0.0,0.0
2020-08-10,317.56,333.33,500.0,626603.0,2315.0,98856.0,43.0,340.37,0.0,0.0,0.0
2020-08-11,317.56,333.33,500.0,629129.0,2526.0,98889.0,33.0,340.37,0.0,0.0,0.0
2020-08-12,317.56,333.33,500.0,631380.0,2251.0,98933.0,44.0,340.37,0.0,0.0,0.0
2020-08-13,315.18,329.62,500.0,633665.0,2285.0,98974.0,41.0,338.29,0.0,0.0,0.0
2020-08-14,315.18,329.62,500.0,636290.0,2625.0,99003.0,29.0,338.29,0.0,0.0,0.0
2020-08-15,315.18,329.62,500.0,638016.0,1726.0,99029.0,26.0,338.29,0.0,0.0,0.0
2020-08-16,312.8,325.92,500.0,639723.0,1707.0,99049.0,20.0,336.2,0.0,0.0,0.0
2020-08-17,313.99,322.21000000000004,500.0,641734.0,2011.0,99073.0,24.0,337.24,0.0,0.0,0.0
2020-08-18,313.99,322.21000000000004,500.0,643939.0,2205.0,99100.0,27.0,337.24,0.0,0.0,0.0
2020-08-19,313.99,322.21000000000004,500.0,646033.0,2094.0,99129.0,29.0,337.24,0.0,0.0,0.0
2020-08-20,313.99,322.21000000000004,500.0,648713.0,2680.0,99151.0,22.0,337.24,0.0,0.0,0.0
2020-08-21,313.99,322.21000000000004,500.0,650964.0,2251.0,99163.0,12.0,337.24,0.0,0.0,0.0
2020-08-22,313.99,322.21000000000004,500.0,653094.0,2130.0,99193.0,30.0,337.24,0.0,0.0,0.0
2020-08-23,313.99,322.21000000000004,500.0,654966.0,1872.0,99216.0,23.0,337.24,0.0,0.0,0.0
2020-08-24,309.82,315.73,500.0,657239.0,2273.0,99230.0,14.0,333.59000000000003,0.0,0.0,0.0
2020-08-25,309.82,315.73,500.0,659693.0,2454.0,99268.0,38.0,333.59000000000003,0.0,0.0,0.0
2020-08-26,311.59999999999997,315.73,500.0,662129.0,2436.0,99300.0,32.0,335.15,0.0,0.0,0.0
2020-08-27,311.59999999999997,315.73,500.0,665242.0,3113.0,99324.0,24.0,335.15,0.0,0.0,0.0
2020-08-28,311.59999999999997,315.73,500.0,668150.0,2908.0,99345.0,21.0,335.15,0.0,0.0,0.0
2020-08-29,311.59999999999997,315.73,500.0,670488.0,2338.0,99365.0,20.0,335.15,0.0,0.0,0.0
2020-08-30,308.03,315.73,500.0,673374.0,2886.0,99377.0,12.0,332.03,0.0,0.0,0.0
2020-08-31,303.27,308.32,500.0,676293.0,2919.0,99397.0,20.0,327.87,0.0,0.0,0.0
2020-09-01,297.32,299.07,500.0,679876.0,3583.0,99411.0,14.0,322.66,0.0,0.0,0.0
2020-09-02,297.32,299.07,500.0,684461.0,4585.0,99436.0,25.0,322.66,0.0,0.0,0.0
2020-09-03,297.32,299.07,500.0,689348.0,4887.0,99458.0,22.0,322.66,0.0,0.0,0.0
2020-09-04,297.32,299.07,500.0,694380.0,5032.0,99483.0,25.0,322.66,0.0,0.0,0.0
2020-09-05,297.32,299.07,500.0,698744.0,4364.0,99509.0,26.0,322.66,0.0,0.0,0.0
2020-09-06,297.32,299.07,500.0,704197.0,5453.0,99524.0,15.0,322.66,0.0,0.0,0.0
2020-09-07,297.32,299.07,500.0,711076.0,6879.0,99551.0,27.0,322.66,0.0,0.0,0.0
2020-09-08,301.78,306.01,500.0,716906.0,5830.0,99599.0,48.0,326.57,0.0,0.0,0.0
2020-09-09,301.78,306.01,500.0,722930.0,6024.0,99621.0,22.0,326.57,0.0,0.0,0.0
2020-09-10,301.78,306.01,500.0,729477.0,6547.0,99651.0,30.0,326.57,0.0,0.0,0.0
2020-09-11,300.89,304.62,500.0,736340.0,6863.0,99677.0,26.0,325.78,0.0,0.0,0.0
2020-09-12,300.89,304.62,500.0,742507.0,6167.0,99709.0,32.0,325.78,0.0,0.0,0.0
2020-09-13,300.89,304.62,500.0,747991.0,5484.0,99734.0,25.0,325.78,0.0,0.0,0.0
2020-09-14,306.24,307.4,500.0,754040.0,6049.0,99764.0,30.0,330.47,0.0,0.0,0.0
2020-09-15,306.24,307.4,500.0,760694.0,6654.0,99817.0,53.0,330.47,0.0,0.0,0.0
2020-09-16,306.24,307.4,500.0,769084.0,8390.0,99868.0,51.0,330.47,0.0,0.0,0.0
2020-09-17,306.24,307.4,500.0,777154.0,8070.0,99927.0,59.0,330.47,0.0,0.0,0.0
2020-09-18,306.24,307.4,500.0,786449.0,9295.0,99984.0,57.0,330.47,0.0,0.0,0.0
2020-09-19,306.24,307.4,500.0,795760.0,9311.0,100036.0,52.0,330.47,0.0,0.0,0.0
2020-09-20,306.24,307.4,500.0,804999.0,9239.0,100094.0,58.0,330.47,0.0,0.0,0.0
2020-09-21,306.24,307.4,500.0,814994.0,9995.0,100135.0,41.0,330.47,0.0,0.0,0.0
2020-09-22,299.99,308.78999999999996,400.0,826361.0,11367.0,100211.0,76.0,318.76,0.0,0.0,0.0
2020-09-23,307.13,308.78999999999996,500.0,839635.0,13274.0,100306.0,95.0,331.26,0.0,0.0,0.0
2020-09-24,288.69,310.64,500.0,853951.0,14316.0,100380.0,74.0,315.1,0.0,0.0,0.0
2020-09-25,308.32,310.64,500.0,868142.0,14191.0,100455.0,75.0,332.3,0.0,0.0,0.0
2020-09-26,308.32,310.64,500.0,880993.0,12851.0,100536.0,81.0,332.3,0.0,0.0,0.0
2020-09-27,308.32,310.64,500.0,893708.0,12715.0,100609.0,73.0,332.3,0.0,0.0,0.0
2020-09-28,310.7,314.34000000000003,500.0,907735.0,14027.0,100677.0,68.0,334.38,0.0,0.0,0.0
2020-09-29,310.7,314.34000000000003,500.0,925245.0,17510.0,100796.0,119.0,334.38,0.0,0.0,0.0
2020-09-30,310.7,314.34000000000003,500.0,945070.0,19825.0,100928.0,132.0,334.38,0.0,0.0,0.0
2020-10-01,310.7,314.34000000000003,500.0,965342.0,20272.0,101058.0,130.0,334.38,0.0,0.0,0.0
2020-10-02,310.7,314.34000000000003,500.0,986164.0,20822.0,101198.0,140.0,334.38,0.0,0.0,0.0
2020-10-03,310.7,314.34000000000003,500.0,1010702.0,24538.0,101317.0,119.0,334.38,0.0,0.0,0.0
2020-10-04,307.13,314.34000000000003,500.0,1045616.0,34914.0,101413.0,96.0,331.26,0.0,0.0,0.0
2020-10-05,307.13,314.34000000000003,500.0,1074963.0,29347.0,101500.0,87.0,331.26,0.0,0.0,0.0
2020-10-06,307.13,314.34000000000003,500.0,1106755.0,31792.0,101660.0,160.0,331.26,0.0,0.0,0.0
2020-10-07,307.13,314.34000000000003,500.0,1139491.0,32736.0,101840.0,180.0,331.26,0.0,0.0,0.0
2020-10-08,307.13,314.34000000000003,500.0,1175457.0,35966.0,102014.0,174.0,331.26,0.0,0.0,0.0
2020-10-09,307.13,314.34000000000003,500.0,1205215.0,29758.0,102197.0,183.0,331.26,0.0,0.0,0.0
2020-10-10,307.13,314.34000000000003,500.0,1233032.0,27817.0,102385.0,188.0,331.26,0.0,0.0,0.0
2020-10-11,307.13,314.34000000000003,500.0,1258112.0,25080.0,102578.0,193.0,331.26,0.0,0.0,0.0
2020-10-12,301.19,308.79,500.0,1291763.0,33651.0,102748.0,170.0,326.03999999999996,0.0,0.0,0.0
2020-10-13,302.09000000000003,310.18,500.0,1328114.0,36351.0,103010.0,262.0,326.83,0.0,0.0,0.0
2020-10-14,321.42999999999995,336.11,500.0,1367757.0,39643.0,103270.0,260.0,343.75,0.0,0.0,0.0
2020-10-15,321.42999999999995,336.11,500.0,1405346.0,37589.0,103560.0,290.0,343.75,0.0,0.0,0.0
2020-10-16,323.21,338.89,500.0,1438896.0,33550.0,103858.0,298.0,345.30999999999995,0.0,0.0,0.0
2020-10-17,323.21,338.89,500.0,1469954.0,31058.0,104194.0,336.0,345.30999999999995,0.0,0.0,0.0
2020-10-18,323.21,338.89,500.0,1501260.0,31306.0,104428.0,234.0,345.30999999999995,0.0,0.0,0.0
2020-10-19,326.78,344.44,500.0,1545950.0,44690.0,104701.0,273.0,348.44,0.0,0.0,0.0
2020-10-20,326.78,344.44,500.0,1592904.0,46954.0,105152.0,451.0,348.44,0.0,0.0,0.0
2020-10-21,326.78,344.44,500.0,1645315.0,52411.0,105575.0,423.0,348.44,0.0,0.0,0.0
2020-10-22,327.98,346.29,500.0,1690032.0,44717.0,106006.0,431.0,349.47999999999996,0.0,0.0,0.0
2020-10-23,337.5,361.11,500.0,1732259.0,42227.0,106455.0,449.0,357.80999999999995,0.0,0.0,0.0
2020-10-24,337.5,361.11,500.0,1771707.0,39448.0,106848.0,393.0,357.80999999999995,0.0,0.0,0.0
2020-10-25,337.5,361.11,500.0,1807395.0,35688.0,107254.0,406.0,357.80999999999995,0.0,0.0,0.0
2020-10-26,337.5,361.11,500.0,1855091.0,47696.0,107638.0,384.0,357.80999999999995,0.0,0.0,0.0
2020-10-27,337.5,361.11,500.0,1902329.0,47238.0,108290.0,652.0,357.80999999999995,0.0,0.0,0.0
2020-10-28,337.5,361.11,500.0,1950931.0,48602.0,108881.0,591.0,357.80999999999995,0.0,0.0,0.0
2020-10-29,337.5,361.11,500.0,1997617.0,46686.0,109481.0,600.0,357.80999999999995,0.0,0.0,0.0
2020-10-30,337.5,361.11,500.0,2044913.0,47296.0,110107.0,626.0,357.80999999999995,0.0,0.0,0.0
2020-10-31,337.5,361.11,500.0,2083512.0,38599.0,110773.0,666.0,357.80999999999995,0.0,0.0,0.0
2020-11-01,337.5,361.11,500.0,2122744.0,39232.0,111294.0,521.0,357.80999999999995,0.0,0.0,0.0
2020-11-02,327.38,350.92,500.0,2173636.0,50892.0,111768.0,474.0,348.96,0.0,0.0,0.0
2020-11-03,327.38,350.92,500.0,2219605.0,45969.0,112542.0,774.0,348.96,0.0,0.0,0.0
2020-11-04,327.38,350.92,500.0,2268811.0,49206.0,113374.0,832.0,348.96,0.0,0.0,0.0
2020-11-05,335.11,362.96000000000004,500.0,2317019.0,48208.0,114140.0,766.0,355.73,0.0,0.0,0.0
2020-11-06,333.32,360.18,500.0,2363973.0,46954.0,114912.0,772.0,354.15999999999997,0.0,0.0,0.0
2020-11-07,333.32,360.18,500.0,2407703.0,43730.0,115742.0,830.0,354.15999999999997,0.0,0.0,0.0
2020-11-08,333.32,360.18,500.0,2448525.0,40822.0,116331.0,589.0,354.15999999999997,0.0,0.0,0.0
2020-11-09,324.99,347.22,500.0,2501397.0,52872.0,117018.0,687.0,346.88,0.0,0.0,0.0
2020-11-10,321.42,345.36,500.0,2549604.0,48207.0,117960.0,942.0,343.75,0.0,0.0,0.0
2020-11-11,321.42,345.36,500.0,2600314.0,50710.0,118964.0,1004.0,343.75,0.0,0.0,0.0
2020-11-12,321.42,345.36,500.0,2658620.0,58306.0,119957.0,993.0,343.75,0.0,0.0,0.0
2020-11-13,321.42,345.36,500.0,2710318.0,51698.0,120783.0,826.0,343.75,0.0,0.0,0.0
2020-11-14,321.42,345.36,500.0,2755407.0,45089.0,121704.0,921.0,343.75,0.0,0.0,0.0
2020-11-15,321.42,345.36,500.0,2796604.0,41197.0,122329.0,625.0,343.75,0.0,0.0,0.0
2020-11-16,321.42,345.36,500.0,2844925.0,48321.0,122973.0,644.0,343.75,0.0,0.0,0.0
2020-11-17,314.28999999999996,339.8,500.0,2888467.0,43542.0,124037.0,1064.0,337.5,0.0,0.0,0.0
2020-11-18,314.28999999999996,339.8,500.0,2929163.0,40696.0,125080.0,1043.0,337.5,0.0,0.0,0.0
2020-11-19,314.28999999999996,339.8,500.0,2970121.0,40958.0,126066.0,986.0,337.5,0.0,0.0,0.0
2020-11-20,317.86,345.36,500.0,3007479.0,37358.0,127062.0,996.0,340.63,0.0,0.0,0.0
2020-11-21,317.86,345.36,500.0,3039894.0,32415.0,127900.0,838.0,340.63,0.0,0.0,0.0
2020-11-22,317.86,345.36,500.0,3070456.0,30562.0,128810.0,910.0,340.63,0.0,0.0,0.0
2020-11-23,319.04999999999995,347.21000000000004,500.0,3104932.0,34476.0,129524.0,714.0,341.66999999999996,0.0,0.0,0.0
2020-11-24,319.04999999999995,347.21000000000004,500.0,3132909.0,27977.0,130628.0,1104.0,341.66999999999996,0.0,0.0,0.0
2020-11-25,319.04999999999995,347.21000000000004,500.0,3167937.0,35028.0,131822.0,1194.0,341.66999999999996,0.0,0.0,0.0
2020-11-26,319.04999999999995,347.21000000000004,500.0,3200258.0,32321.0,132781.0,959.0,341.66999999999996,0.0,0.0,0.0
2020-11-27,319.04999999999995,347.21000000000004,500.0,3229560.0,29302.0,133761.0,980.0,341.66999999999996,0.0,0.0,0.0
2020-11-28,319.04999999999995,347.21000000000004,500.0,3256522.0,26962.0,134726.0,965.0,341.66999999999996,0.0,0.0,0.0
2020-11-29,319.04999999999995,347.21000000000004,500.0,3279529.0,23007.0,135442.0,716.0,341.66999999999996,0.0,0.0,0.0
2020-11-30,319.04999999999995,347.21000000000004,500.0,3310064.0,30535.0,136110.0,668.0,341.66999999999996,0.0,0.0,0.0
2020-12-01,316.66999999999996,347.21000000000004,500.0,3340187.0,30123.0,137138.0,1028.0,339.58,0.0,0.0,0.0
2020-12-02,316.66999999999996,347.21000000000004,500.0,3373040.0,32853.0,138200.0,1062.0,339.58,0.0,0.0,0.0
2020-12-03,309.51,336.1,500.0,3403783.0,30743.0,139118.0,918.0,333.33,0.0,0.0,0.0
2020-12-04,309.51,336.1,500.0,3435915.0,32132.0,140121.0,1003.0,333.33,0.0,0.0,0.0
2020-12-05,309.51,336.1,500.0,3464355.0,28440.0,140925.0,804.0,333.33,0.0,0.0,0.0
2020-12-06,309.51,336.1,500.0,3495363.0,31008.0,141592.0,667.0,333.33,0.0,0.0,0.0
2020-12-07,309.51,336.1,500.0,3531675.0,36312.0,142247.0,655.0,333.33,0.0,0.0,0.0
2020-12-08,335.12,342.58000000000004,500.0,3565024.0,33349.0,143318.0,1071.0,355.73,0.0,0.0,0.0
2020-12-09,335.12,342.58000000000004,500.0,3603517.0,38493.0,144299.0,981.0,355.73,0.0,0.0,0.0
2020-12-10,335.12,342.58000000000004,500.0,3647397.0,43880.0,145311.0,1012.0,355.73,0.0,0.0,0.0
2020-12-11,335.12,342.58000000000004,500.0,3693463.0,46066.0,146226.0,915.0,355.73,0.0,0.0,0.0
2020-12-12,335.12,342.58000000000004,500.0,3734555.0,41092.0,147234.0,1008.0,355.73,0.0,0.0,0.0
2020-12-13,335.12,342.58000000000004,500.0,3775272.0,40717.0,147858.0,624.0,355.73,0.0,0.0,0.0
2020-12-14,342.26,353.70000000000005,500.0,3830735.0,55463.0,148596.0,738.0,361.98,0.0,0.0,0.0
2020-12-15,342.26,353.70000000000005,500.0,3883569.0,52834.0,149609.0,1013.0,361.98,0.0,0.0,0.0
2020-12-16,342.26,353.70000000000005,500.0,3944158.0,60589.0,150705.0,1096.0,361.98,0.0,0.0,0.0
2020-12-17,342.26,353.70000000000005,500.0,4013977.0,69819.0,151804.0,1099.0,361.98,0.0,0.0,0.0
2020-12-18,344.64,353.70000000000005,500.0,4078901.0,64924.0,152879.0,1075.0,364.06,0.0,0.0,0.0
2020-12-19,349.4,361.11,500.0,4131542.0,52641.0,153961.0,1082.0,368.23,0.0,0.0,0.0
2020-12-20,354.15999999999997,368.52,500.0,4200534.0,68992.0,154838.0,877.0,372.4,0.0,0.0,0.0
2020-12-21,354.15999999999997,368.52,500.0,4282090.0,81556.0,155655.0,817.0,372.4,0.0,0.0,0.0
2020-12-22,354.15999999999997,368.52,500.0,4365368.0,83278.0,156975.0,1320.0,372.4,0.0,0.0,0.0
2020-12-23,354.15999999999997,368.52,500.0,4447541.0,82173.0,158348.0,1373.0,372.4,0.0,0.0,0.0
2020-12-24,363.1,382.4,500.0,4518968.0,71427.0,159549.0,1201.0,380.21000000000004,0.0,0.0,0.0
2020-12-25,348.21000000000004,359.26,500.0,4566112.0,47144.0,160817.0,1268.0,367.19,0.0,0.0,0.0
2020-12-26,377.39,397.21999999999997,500.0,4641914.0,75802.0,161739.0,922.0,392.7,0.0,0.0,0.0
2020-12-27,377.39,397.21999999999997,500.0,4722773.0,80859.0,162774.0,1035.0,392.7,0.0,0.0,0.0
2020-12-28,377.39,397.21999999999997,500.0,4810565.0,87792.0,163854.0,1080.0,392.7,0.0,0.0,0.0
2020-12-29,377.39,397.21999999999997,500.0,4946788.0,136223.0,164981.0,1127.0,392.7,0.0,0.0,0.0
2020-12-30,377.39,397.21999999999997,500.0,5068972.0,122184.0,166722.0,1741.0,392.7,0.0,0.0,0.0
2020-12-31,377.39,397.21999999999997,500.0,5178809.0,109837.0,168510.0,1788.0,392.7,0.0,0.0,0.0
2021-01-01,377.39,397.21999999999997,500.0,5264576.0,85767.0,169975.0,1465.0,392.7,0.0,0.0,0.0
2021-01-02,377.39,397.21999999999997,500.0,5383954.0,119378.0,171253.0,1278.0,392.7,0.0,0.0,0.0
2021-01-03,377.39,397.21999999999997,500.0,5495277.0,111323.0,172515.0,1262.0,392.7,0.0,0.0,0.0
2021-01-04,382.15,404.62,500.0,5632031.0,136754.0,173818.0,1303.0,396.87,0.0,0.0,0.0
2021-01-05,402.39,430.53999999999996,500.0,5759583.0,127552.0,175620.0,1802.0,414.59,0.0,0.0,0.0
2021-01-06,402.39,430.53999999999996,500.0,5880688.0,121105.0,177675.0,2055.0,414.59,0.0,0.0,0.0
2021-01-07,404.78,434.25,500.0,5986493.0,105805.0,179892.0,2217.0,416.66999999999996,0.0,0.0,0.0
2021-01-08,404.78,434.25,500.0,6102650.0,116157.0,182269.0,2377.0,416.66999999999996,0.0,0.0,0.0
2021-01-09,404.78,434.25,500.0,6202622.0,99972.0,184397.0,2128.0,416.66999999999996,0.0,0.0,0.0
2021-01-10,404.78,434.25,500.0,6294736.0,92114.0,186133.0,1736.0,416.66999999999996,3.4,0.58,0.0
2021-01-11,404.78,434.25,500.0,6399496.0,104760.0,187903.0,1770.0,416.66999999999996,3.61,0.61,0.0
2021-01-12,404.78,434.25,500.0,6495676.0,96180.0,190464.0,2561.0,416.66999999999996,3.92,0.64,0.0
2021-01-13,404.78,434.25,500.0,6589709.0,94033.0,193336.0,2872.0,416.66999999999996,4.34,0.65,0.0
2021-01-14,404.78,434.25,500.0,6681864.0,92155.0,195924.0,2588.0,416.66999999999996,4.81,0.66,0.0
2021-01-15,404.78,434.25,500.0,6779075.0,97211.0,198528.0,2604.0,416.66999999999996,5.32,0.67,0.0
2021-01-16,404.78,434.25,500.0,6851665.0,72590.0,201241.0,2713.0,416.66999999999996,5.76,0.67,0.0
2021-01-17,404.78,434.25,500.0,6919855.0,68190.0,203273.0,2032.0,416.66999999999996,6.04,0.67,0.0
2021-01-18,404.78,434.25,500.0,7003346.0,83491.0,205273.0,2000.0,416.66999999999996,6.34,0.68,0.0
2021-01-19,404.78,434.25,500.0,7077227.0,73881.0,208373.0,3100.0,416.66999999999996,6.85,0.68,0.0
2021-01-20,404.78,434.25,500.0,7152117.0,74890.0,211575.0,3202.0,416.66999999999996,7.39,0.69,0.0
2021-01-21,404.78,434.25,500.0,7222510.0,70393.0,214214.0,2639.0,416.66999999999996,8.0,0.69,0.0
2021-01-22,404.78,434.25,500.0,7293101.0,70591.0,216949.0,2735.0,416.66999999999996,8.71,0.7,0.0
2021-01-23,404.78,434.25,500.0,7348997.0,55896.0,219584.0,2635.0,416.66999999999996,9.44,0.7,0.0
2021-01-24,404.78,434.25,500.0,7396555.0,47558.0,221433.0,1849.0,416.66999999999996,9.77,0.7,0.0
2021-01-25,404.78,434.25,500.0,7449486.0,52931.0,223288.0,1855.0,416.66999999999996,10.19,0.7,0.0
2021-01-26,404.78,434.25,500.0,7497304.0,47818.0,226091.0,2803.0,416.66999999999996,10.65,0.7,0.0
2021-01-27,404.78,434.25,500.0,7548915.0,51611.0,229048.0,2957.0,416.66999999999996,11.11,0.71,0.0
2021-01-28,404.78,434.25,500.0,7602367.0,53452.0,231511.0,2463.0,416.66999999999996,11.73,0.71,0.0
2021-01-29,404.78,434.25,500.0,7653879.0,51512.0,233916.0,2405.0,416.66999999999996,12.45,0.71,0.0
2021-01-30,404.78,434.25,500.0,7694321.0,40442.0,236141.0,2225.0,416.66999999999996,13.34,0.73,0.0
2021-01-31,404.78,434.25,500.0,7731192.0,36871.0,237723.0,1582.0,416.66999999999996,13.82,0.73,0.0
2021-02-01,404.78,434.25,500.0,7772770.0,41578.0,239135.0,1412.0,416.66999999999996,14.34,0.74,0.0
2021-02-02,404.78,434.25,500.0,7809877.0,37107.0,241547.0,2412.0,416.66999999999996,14.89,0.74,0.0
2021-02-03,404.78,434.25,500.0,7848993.0,39116.0,243844.0,2297.0,416.66999999999996,15.59,0.75,0.0
2021-02-04,404.78,434.25,500.0,7888119.0,39126.0,245585.0,1741.0,416.66999999999996,16.31,0.75,0.0
2021-02-05,404.78,434.25,500.0,7923541.0,35422.0,247472.0,1887.0,416.66999999999996,17.04,0.76,0.0
2021-02-06,404.78,434.25,500.0,7954123.0,30582.0,249087.0,1615.0,416.66999999999996,17.86,0.76,0.0
2021-02-07,404.78,434.25,500.0,7981632.0,27509.0,250213.0,1126.0,416.66999999999996,18.27,0.76,0.0
2021-02-08,404.78,434.25,500.0,8011930.0,30298.0,251327.0,1114.0,416.66999999999996,18.8,0.77,0.0
2021-02-09,404.78,434.25,500.0,8038519.0,26589.0,253102.0,1775.0,416.66999999999996,19.41,0.77,0.0
2021-02-10,404.78,434.25,500.0,8065431.0,26912.0,254815.0,1713.0,416.66999999999996,20.08,0.78,0.0
2021-02-11,387.62,434.25,500.0,8092064.0,26633.0,256169.0,1354.0,401.66999999999996,20.83,0.79,0.0
2021-02-12,387.62,434.25,500.0,8119781.0,27717.0,257563.0,1394.0,401.66999999999996,21.64,0.79,0.0
2021-02-13,387.62,434.25,500.0,8142122.0,22341.0,258770.0,1207.0,401.66999999999996,22.39,0.8,0.0
2021-02-14,387.62,434.25,500.0,8162088.0,19966.0,259633.0,863.0,401.66999999999996,22.74,0.8,0.0
2021-02-15,410.49,434.25,500.0,8186588.0,24500.0,260478.0,845.0,421.66999999999996,23.15,0.81,0.0
2021-02-16,410.49,434.25,500.0,8210154.0,23566.0,261843.0,1365.0,421.66999999999996,23.69,0.83,0.0
2021-02-17,410.49,434.25,500.0,8234813.0,24659.0,263087.0,1244.0,421.66999999999996,24.41,0.85,0.0
2021-02-18,410.49,434.25,500.0,8258664.0,23851.0,264062.0,975.0,421.66999999999996,25.08,0.88,0.0
2021-02-19,410.49,434.25,500.0,8281419.0,22755.0,265064.0,1002.0,421.66999999999996,25.63,0.9,0.0
2021-02-20,410.49,434.25,500.0,8300137.0,18718.0,265961.0,897.0,421.66999999999996,26.13,0.91,0.0
2021-02-21,410.49,434.25,500.0,8318068.0,17931.0,266586.0,625.0,421.66999999999996,26.34,0.93,0.0
2021-02-22,400.95,425.0,500.0,8340364.0,22296.0,267143.0,557.0,413.33,26.63,0.96,0.0
2021-02-23,400.95,425.0,500.0,8358615.0,18251.0,268071.0,928.0,413.33,27.11,0.99,0.0
2021-02-24,400.95,425.0,500.0,8377398.0,18783.0,268879.0,808.0,413.33,27.78,1.04,0.0
2021-02-25,400.95,425.0,500.0,8395408.0,18010.0,269557.0,678.0,413.33,28.5,1.09,0.0
2021-02-26,400.95,425.0,500.0,8410714.0,15306.0,270205.0,648.0,413.33,29.25,1.14,0.0
2021-02-27,400.95,425.0,500.0,8423097.0,12383.0,270802.0,597.0,413.33,29.86,1.18,0.0
2021-02-28,400.95,425.0,500.0,8434005.0,10908.0,271227.0,425.0,413.33,30.14,1.21,0.0
2021-03-01,398.57,425.0,500.0,8446651.0,12646.0,271627.0,400.0,411.25,30.44,1.25,0.0
2021-03-02,398.57,425.0,500.0,8459961.0,13310.0,272214.0,587.0,411.25,30.77,1.33,0.0
2021-03-03,398.57,425.0,500.0,8472518.0,12557.0,272919.0,705.0,411.25,31.19,1.43,0.0
2021-03-04,398.57,425.0,500.0,8485028.0,12510.0,273394.0,475.0,411.25,31.75,1.54,0.0
2021-03-05,398.57,425.0,500.0,8496441.0,11413.0,273852.0,458.0,411.25,32.4,1.62,0.0
2021-03-06,398.57,425.0,500.0,8507108.0,10667.0,274220.0,368.0,411.25,33.02,1.67,0.0
2021-03-07,398.57,425.0,500.0,8516695.0,9587.0,274499.0,279.0,411.25,33.26,1.7,0.0
2021-03-08,386.65,410.19,500.0,8528297.0,11602.0,274761.0,262.0,400.83000000000004,33.58,1.76,0.0
2021-03-09,386.65,410.19,500.0,8540550.0,12253.0,275177.0,416.0,400.83000000000004,33.9,1.86,0.0
2021-03-10,386.65,410.19,500.0,8552727.0,12177.0,275529.0,352.0,400.83000000000004,34.26,2.01,0.0
2021-03-11,386.65,410.19,500.0,8565413.0,12686.0,275883.0,354.0,400.83000000000004,34.65,2.15,0.0
2021-03-12,386.65,410.19,500.0,8577738.0,12325.0,276193.0,310.0,400.83000000000004,35.2,2.28,0.0
2021-03-13,377.13,400.93,500.0,8587651.0,9913.0,276449.0,256.0,392.5,35.96,2.36,0.0
2021-03-14,377.13,400.93,500.0,8596694.0,9043.0,276638.0,189.0,392.5,36.34,2.39,0.0
2021-03-15,371.18,391.67,500.0,8608480.0,11786.0,276840.0,202.0,387.3,36.92,2.47,0.0
2021-03-16,371.18,391.67,500.0,8619623.0,11143.0,277064.0,224.0,387.3,37.56,2.62,0.0
2021-03-17,372.61,391.67,500.0,8631357.0,11734.0,277332.0,268.0,388.55,38.25,2.79,0.0
2021-03-18,372.61,391.67,500.0,8643283.0,11926.0,277527.0,195.0,388.55,39.04,2.99,0.0
2021-03-19,372.61,391.67,500.0,8653261.0,9978.0,277730.0,203.0,388.55,39.95,3.18,0.0
2021-03-20,372.61,391.67,500.0,8663094.0,9833.0,277926.0,196.0,388.55,41.07,3.31,0.0
2021-03-21,372.61,391.67,500.0,8673794.0,10700.0,278085.0,159.0,388.55,41.61,3.39,0.0
2021-03-22,372.61,391.67,500.0,8685594.0,11800.0,278210.0,125.0,388.55,42.1,3.51,0.0
2021-03-23,372.61,391.67,500.0,8696454.0,10860.0,278416.0,206.0,388.55,42.59,3.76,0.0
2021-03-24,372.61,391.67,500.0,8708282.0,11828.0,278584.0,168.0,388.55,43.09,4.13,0.0
2021-03-25,372.61,391.67,500.0,8720118.0,11836.0,278726.0,142.0,388.55,43.57,4.47,0.0
2021-03-26,372.61,391.67,500.0,8730872.0,10754.0,278871.0,145.0,388.55,44.18,4.9,0.0
2021-03-27,360.11,372.23,500.0,8738468.0,7596.0,278994.0,123.0,377.61,44.81,5.25,0.0
2021-03-28,360.11,372.23,500.0,8747359.0,8891.0,279062.0,68.0,377.61,45.25,5.47,0.0
2021-03-29,355.35,364.82,500.0,8756209.0,8850.0,279156.0,94.0,373.44,45.6,5.72,0.0
2021-03-30,355.35,364.82,500.0,8764028.0,7819.0,279267.0,111.0,373.44,45.94,6.13,0.0
2021-03-31,355.35,364.82,500.0,8772047.0,8019.0,279384.0,117.0,373.44,46.29,6.71,0.0
2021-04-01,352.97,361.12,500.0,8780199.0,8152.0,279498.0,114.0,371.35,46.55,7.37,0.0
2021-04-02,348.21,353.71000000000004,500.0,8786348.0,6149.0,279600.0,102.0,367.18,46.71,7.74,0.0
2021-04-03,348.21,353.71000000000004,500.0,8792277.0,5929.0,279651.0,51.0,367.18,46.87,8.0,0.0
2021-04-04,348.21,353.71000000000004,500.0,8796987.0,4710.0,279714.0,63.0,367.18,46.94,8.07,0.0
2021-04-05,345.83,350.0,500.0,8802493.0,5506.0,279785.0,71.0,365.1,47.0,8.17,0.0
2021-04-06,345.83,350.0,500.0,8808184.0,5691.0,279850.0,65.0,365.1,47.13,8.45,0.0
2021-04-07,345.83,350.0,500.0,8814199.0,6015.0,279940.0,90.0,365.1,47.28,9.05,0.0
2021-04-08,345.83,350.0,500.0,8820376.0,6177.0,280055.0,115.0,365.1,47.42,9.72,0.0
2021-04-09,348.21,350.0,500.0,8818468.0,0.0,280153.0,98.0,367.18,47.58,10.39,0.0
2021-04-10,348.21,350.0,500.0,8823432.0,4964.0,280236.0,83.0,367.18,47.74,11.1,0.0
2021-04-11,348.21,350.0,500.0,8827538.0,4106.0,280284.0,48.0,367.18,47.84,11.38,0.0
2021-04-12,326.79,316.65999999999997,500.0,8833986.0,6448.0,280334.0,50.0,348.44,47.93,11.68,0.0
2021-04-13,326.79,316.65999999999997,500.0,8838952.0,4966.0,280404.0,70.0,348.44,48.05,12.14,0.0
2021-04-14,326.79,316.65999999999997,500.0,8843955.0,5003.0,280477.0,73.0,348.44,48.22,12.65,0.0
2021-04-15,326.79,316.65999999999997,500.0,8848971.0,5016.0,280550.0,73.0,348.44,48.42,13.27,0.0
2021-04-16,329.17,316.65999999999997,500.0,8854074.0,5103.0,280616.0,66.0,350.52,48.62,14.02,0.0
2021-04-17,329.17,316.65999999999997,500.0,8858002.0,3928.0,280693.0,77.0,350.52,48.82,14.76,0.0
2021-04-18,329.17,316.65999999999997,500.0,8862468.0,4466.0,280734.0,41.0,350.52,48.95,15.09,0.0
2021-04-19,329.17,316.65999999999997,500.0,8868169.0,5701.0,280761.0,27.0,350.52,49.1,15.5,0.0
2021-04-20,329.17,316.65999999999997,500.0,8873234.0,5065.0,280829.0,68.0,350.52,49.26,16.02,0.0
2021-04-21,329.17,316.65999999999997,500.0,8878339.0,5105.0,280885.0,56.0,350.52,49.43,16.64,0.0
2021-04-22,329.17,316.65999999999997,500.0,8883476.0,5137.0,280936.0,51.0,350.52,49.63,17.28,0.0
2021-04-23,329.17,316.65999999999997,500.0,8888174.0,4698.0,281005.0,69.0,350.52,49.83,17.97,0.0
2021-04-24,329.17,316.65999999999997,500.0,8891799.0,3625.0,281061.0,56.0,350.52,50.05,18.78,0.0
2021-04-25,329.17,316.65999999999997,500.0,8895630.0,3831.0,281099.0,38.0,350.52,50.17,19.17,0.0
2021-04-26,324.40999999999997,305.55,500.0,8900321.0,4691.0,281126.0,27.0,346.35,50.3,19.62,0.0
2021-04-27,324.40999999999997,305.55,500.0,8905183.0,4862.0,281168.0,42.0,346.35,50.47,20.19,0.0
2021-04-28,324.40999999999997,305.55,500.0,8909848.0,4665.0,281218.0,50.0,346.35,50.67,20.87,0.0
2021-04-29,324.40999999999997,305.55,500.0,8914523.0,4675.0,281257.0,39.0,346.35,50.86,21.6,0.0
2021-04-30,324.40999999999997,305.55,500.0,8918729.0,4206.0,281288.0,31.0,346.35,51.07,22.23,0.0
2021-05-01,324.40999999999997,305.55,500.0,8922067.0,3338.0,281311.0,23.0,346.35,51.29,22.78,0.0
2021-05-02,324.40999999999997,305.55,500.0,8925259.0,3192.0,281344.0,33.0,346.35,51.42,23.04,0.0
2021-05-03,321.73,301.39,500.0,8928992.0,3733.0,281362.0,18.0,344.01,51.53,23.23,0.0
2021-05-04,321.73,301.39,500.0,8933489.0,4497.0,281381.0,19.0,344.01,51.72,23.61,0.0
2021-05-05,321.73,301.39,500.0,8938202.0,4713.0,281430.0,49.0,344.01,51.92,24.21,0.0
2021-05-06,321.73,301.39,500.0,8943140.0,4938.0,281460.0,30.0,344.01,52.12,24.92,0.0
2021-05-07,321.73,301.39,500.0,8947611.0,4471.0,281492.0,32.0,344.01,52.32,25.61,0.0
2021-05-08,321.73,301.39,500.0,8951266.0,3655.0,281517.0,25.0,344.01,52.57,26.26,0.0
2021-05-09,321.73,301.39,500.0,8955343.0,4077.0,281530.0,13.0,344.01,52.72,26.54,0.0
2021-05-10,321.73,301.39,500.0,8960508.0,5165.0,281542.0,12.0,344.01,52.89,26.88,0.0
2021-05-11,321.73,301.39,500.0,8965310.0,4802.0,281583.0,41.0,344.01,53.09,27.41,0.0
2021-05-12,321.73,301.39,500.0,8969928.0,4618.0,281609.0,26.0,344.01,53.37,28.08,0.0
2021-05-13,321.73,301.39,500.0,8974766.0,4838.0,281635.0,26.0,344.01,53.68,28.71,0.0
2021-05-14,321.73,301.39,500.0,8978895.0,4129.0,281666.0,31.0,344.01,54.01,29.3,0.0
2021-05-15,321.73,301.39,500.0,8982548.0,3653.0,281688.0,22.0,344.01,54.36,29.88,0.0
2021-05-16,321.73,301.39,500.0,8986396.0,3848.0,281706.0,18.0,344.01,54.55,30.15,0.0
2021-05-17,323.52,304.17,500.0,8991233.0,4837.0,281724.0,18.0,345.57,54.71,30.54,0.0
2021-05-18,323.52,304.17,500.0,8991681.0,448.0,281742.0,18.0,345.57,54.97,31.02,0.0
2021-05-19,323.52,304.17,500.0,8996628.0,4947.0,281749.0,7.0,345.57,55.37,31.57,0.0
2021-05-20,323.52,304.17,500.0,9001839.0,5211.0,281763.0,14.0,345.57,55.76,32.19,0.0
2021-05-21,323.52,304.17,500.0,9006906.0,5067.0,281790.0,27.0,345.57,56.09,32.83,0.0
2021-05-22,323.52,304.17,500.0,9011429.0,4523.0,281800.0,10.0,345.57,56.4,33.65,0.0
2021-05-23,323.52,304.17,500.0,9015847.0,4418.0,281821.0,21.0,345.57,56.58,34.03,0.0
2021-05-24,316.38,293.06,500.0,9021577.0,5730.0,281840.0,19.0,339.32,56.77,34.52,0.0
2021-05-25,316.38,293.06,500.0,9027414.0,5837.0,281866.0,26.0,339.32,57.04,35.1,0.0
2021-05-26,316.38,293.06,500.0,9034322.0,6908.0,281889.0,23.0,339.32,57.39,35.74,0.0
2021-05-27,312.81,287.5,500.0,9041449.0,7127.0,281907.0,18.0,336.19,57.77,36.38,0.0
2021-05-28,312.81,287.5,500.0,9049066.0,7617.0,281931.0,24.0,336.19,58.08,37.03,0.0
2021-05-29,312.81,287.5,500.0,9055306.0,6240.0,281950.0,19.0,336.19,58.35,37.65,0.0
2021-05-30,312.81,287.5,500.0,9061581.0,6275.0,281965.0,15.0,336.19,58.54,37.96,0.0
2021-05-31,312.81,287.5,500.0,9068761.0,7180.0,281977.0,12.0,336.19,58.68,38.25,0.0
2021-06-01,312.81,287.5,500.0,9077291.0,8530.0,281987.0,10.0,336.19,58.84,38.75,0.0
2021-06-02,312.81,287.5,500.0,9087720.0,10429.0,282011.0,24.0,336.19,59.09,39.27,0.0
2021-06-03,312.81,287.5,500.0,9099155.0,11435.0,282045.0,34.0,336.19,59.38,39.83,0.0
2021-06-04,312.81,287.5,500.0,9111155.0,12000.0,282070.0,25.0,336.19,59.64,40.41,0.0
2021-06-05,298.52,265.28,500.0,9121537.0,10382.0,282090.0,20.0,323.69,59.95,41.11,0.0
2021-06-06,298.52,265.28,500.0,9132293.0,10756.0,282107.0,17.0,323.69,60.14,41.5,0.0
2021-06-07,298.52,265.28,500.0,9145822.0,13529.0,282114.0,7.0,323.69,60.3,41.95,0.0
2021-06-08,298.52,265.28,500.0,9159684.0,13862.0,282142.0,28.0,323.69,60.51,42.42,0.0
2021-06-09,298.52,265.28,500.0,9175206.0,15522.0,282165.0,23.0,323.69,60.77,42.89,0.0
2021-06-10,298.52,265.28,500.0,9190480.0,15274.0,282188.0,23.0,323.69,61.07,43.35,0.0
2021-06-11,298.52,265.28,500.0,9206057.0,15577.0,282218.0,30.0,323.69,61.38,43.8,0.0
2021-06-12,298.52,265.28,500.0,9219891.0,13834.0,282242.0,24.0,323.69,61.76,44.28,0.0
2021-06-13,298.52,265.28,500.0,9234345.0,14454.0,282262.0,20.0,323.69,61.98,44.55,0.0
2021-06-14,299.95,265.28,500.0,9252313.0,17968.0,282278.0,16.0,324.94,62.17,44.9,0.0
2021-06-15,299.95,265.28,500.0,9270696.0,18383.0,282309.0,31.0,324.94,62.46,45.24,0.0
2021-06-16,299.95,265.28,500.0,9290556.0,19860.0,282334.0,25.0,324.94,62.75,45.59,0.0
2021-06-17,296.38,259.73,500.0,9312471.0,21915.0,282362.0,28.0,321.82,63.11,45.92,0.0
2021-06-18,297.8,259.73,500.0,9333061.0,20590.0,282391.0,29.0,323.07,63.44,46.23,0.0
2021-06-19,299.22,259.73,500.0,9351582.0,18521.0,282425.0,34.0,324.32,63.86,46.58,0.0
2021-06-20,299.22,259.73,500.0,9370742.0,19160.0,282453.0,28.0,324.32,64.1,46.74,0.0
2021-06-21,299.22,259.73,500.0,9397516.0,26774.0,282470.0,17.0,324.32,64.13,46.8,0.0
2021-06-22,299.22,259.73,500.0,9426400.0,28884.0,282515.0,45.0,324.32,64.58,47.18,0.0
2021-06-23,299.22,259.73,500.0,9460632.0,34232.0,282543.0,28.0,324.32,64.89,47.43,0.0
2021-06-24,302.07,259.73,500.0,9496046.0,35414.0,282593.0,50.0,326.82,65.22,47.69,0.0
2021-06-25,302.07,259.73,500.0,9529511.0,33465.0,282633.0,40.0,326.82,65.52,47.95,0.0
2021-06-26,302.07,259.73,500.0,9563755.0,34244.0,282673.0,40.0,326.82,65.87,48.25,0.0
2021-06-27,302.07,259.73,500.0,9596880.0,33125.0,282708.0,35.0,326.82,66.07,48.43,0.0
2021-06-28,302.07,259.73,500.0,9647942.0,51062.0,282729.0,21.0,326.82,66.26,48.63,0.0
2021-06-29,302.07,259.73,500.0,9696364.0,48422.0,282776.0,47.0,326.82,66.47,48.86,0.0
2021-06-30,302.07,259.73,500.0,9750893.0,54529.0,282816.0,40.0,326.82,66.68,49.12,0.0
2021-07-01,302.07,259.73,500.0,9807243.0,56350.0,282866.0,50.0,326.82,66.9,49.41,0.0
2021-07-02,302.07,259.73,500.0,9860289.0,53046.0,282925.0,59.0,326.82,67.09,49.67,0.0
2021-07-03,302.07,259.73,500.0,9908746.0,48457.0,282974.0,49.0,326.82,67.29,49.96,0.0
2021-07-04,302.07,259.73,500.0,9957734.0,48988.0,283018.0,44.0,326.82,67.41,50.13,0.0
2021-07-05,302.07,259.73,500.0,10019753.0,62019.0,283056.0,38.0,326.82,67.52,50.35,0.0
2021-07-06,302.07,259.73,500.0,10084147.0,64394.0,283128.0,72.0,326.82,67.65,50.57,0.0
2021-07-07,302.07,259.73,500.0,10154792.0,70645.0,283197.0,69.0,326.82,67.78,50.83,0.0
2021-07-08,302.07,259.73,500.0,10220785.0,65993.0,283274.0,77.0,326.82,67.92,51.09,0.0
2021-07-09,302.07,259.73,500.0,10288788.0,68003.0,283355.0,81.0,326.82,68.05,51.36,0.0
2021-07-10,302.07,259.73,500.0,10348967.0,60179.0,283434.0,79.0,326.82,68.19,51.67,0.0
2021-07-11,302.07,259.73,500.0,10410822.0,61855.0,283496.0,62.0,326.82,68.26,51.83,0.0
2021-07-12,302.07,259.73,500.0,10489333.0,78511.0,283545.0,49.0,326.82,68.34,52.02,0.0
2021-07-13,302.07,259.73,500.0,10573255.0,83922.0,283645.0,100.0,326.82,68.43,52.25,0.0
2021-07-14,302.07,259.73,500.0,10669912.0,96657.0,283741.0,96.0,326.82,68.51,52.53,0.0
2021-07-15,302.07,259.73,500.0,10779802.0,109890.0,283858.0,117.0,326.82,68.61,52.83,0.0
2021-07-16,302.07,259.73,500.0,10886338.0,106536.0,283962.0,104.0,326.82,68.71,53.13,0.0
2021-07-17,302.07,259.73,500.0,10978782.0,92444.0,284063.0,101.0,326.82,68.81,53.46,0.0
2021-07-18,302.07,259.73,500.0,11062562.0,83780.0,284161.0,98.0,326.82,68.84,53.66,0.0
2021-07-19,268.75,222.69,500.0,11150024.0,87462.0,284268.0,107.0,297.65,68.89,53.87,0.0
2021-07-20,268.75,222.69,500.0,11236026.0,86002.0,284432.0,164.0,297.65,68.95,54.11,0.0
2021-07-21,268.75,222.69,500.0,11314978.0,78952.0,284566.0,134.0,297.65,69.01,54.38,0.0
2021-07-22,268.75,222.69,500.0,11385571.0,70593.0,284735.0,169.0,297.65,69.08,54.66,0.0
2021-07-23,268.75,222.69,500.0,11448994.0,63423.0,284882.0,147.0,297.65,69.14,54.94,0.0
2021-07-24,268.75,222.69,500.0,11503132.0,54138.0,285037.0,155.0,297.65,69.21,55.25,0.0
2021-07-25,268.75,222.69,500.0,11553972.0,50840.0,285137.0,100.0,297.65,69.25,55.42,0.0
2021-07-26,268.75,222.69,500.0,11608338.0,54366.0,285230.0,93.0,297.65,69.29,55.64,0.0
2021-07-27,268.75,222.69,500.0,11661147.0,52809.0,285438.0,208.0,297.65,69.34,55.87,0.0
2021-07-28,268.75,222.69,500.0,11716786.0,55639.0,285649.0,211.0,297.65,69.41,56.12,0.0
2021-07-29,268.75,222.69,500.0,11775851.0,59065.0,285822.0,173.0,297.65,69.47,56.39,0.0
2021-07-30,268.75,222.69,500.0,11829813.0,53962.0,285994.0,172.0,297.65,69.53,56.64,0.0
2021-07-31,268.75,222.69,500.0,11876136.0,46323.0,286156.0,162.0,297.65,69.58,56.96,0.0
2021-08-01,268.75,222.69,500.0,11921260.0,45124.0,286318.0,162.0,297.65,69.61,57.13,0.0
2021-08-02,268.75,222.69,500.0,11972787.0,51527.0,286434.0,116.0,297.65,69.65,57.32,0.0
2021-08-03,268.75,222.69,500.0,12024725.0,51938.0,286652.0,218.0,297.65,69.7,57.53,0.0
2021-08-04,268.75,222.69,500.0,12085999.0,61274.0,286863.0,211.0,297.65,69.75,57.78,0.0
2021-08-05,268.75,222.69,500.0,12147483.0,61484.0,287050.0,187.0,297.65,69.8,58.04,0.0
2021-08-06,268.75,222.69,500.0,12206961.0,59478.0,287240.0,190.0,297.65,69.85,58.29,0.0
2021-08-07,250.89,201.39,100.0,12257730.0,50769.0,287449.0,209.0,257.03,69.91,58.6,0.0
2021-08-08,250.89,201.39,100.0,12307727.0,49997.0,287572.0,123.0,257.03,69.94,58.79,0.0
2021-08-09,235.42000000000002,177.31,100.0,12364770.0,57043.0,287693.0,121.0,243.49,69.99,58.99,0.0
2021-08-10,235.42000000000002,177.31,100.0,12419585.0,54815.0,287924.0,231.0,243.49,70.05,59.21,0.0
2021-08-11,235.42000000000002,177.31,100.0,12482194.0,62609.0,288117.0,193.0,243.49,70.11,59.47,0.0
2021-08-12,235.42000000000002,177.31,100.0,12546626.0,64432.0,288317.0,200.0,243.49,70.18,59.76,0.0
2021-08-13,235.42000000000002,177.31,500.0,12607961.0,61335.0,288515.0,198.0,268.48,70.24,60.01,0.0
2021-08-14,235.42000000000002,177.31,500.0,12662161.0,54200.0,288711.0,196.0,268.48,70.31,60.31,0.0
2021-08-15,235.42000000000002,177.31,500.0,12713913.0,51752.0,288861.0,150.0,268.48,70.35,60.5,0.0
2021-08-16,235.42000000000002,177.31,500.0,12778996.0,65083.0,288976.0,115.0,268.48,70.41,60.7,0.0
2021-08-17,235.42000000000002,177.31,500.0,12843543.0,64547.0,289248.0,272.0,268.48,70.47,60.92,0.0
2021-08-18,235.42000000000002,177.31,500.0,12915928.0,72385.0,289470.0,222.0,268.48,70.54,61.17,0.0
2021-08-19,235.42000000000002,177.31,500.0,12988701.0,72773.0,289698.0,228.0,268.48,70.62,61.43,0.0
2021-08-20,235.42000000000002,177.31,500.0,13057919.0,69218.0,289939.0,241.0,268.48,70.71,61.68,0.0
2021-08-21,235.42000000000002,177.31,500.0,13118235.0,60316.0,290161.0,222.0,268.48,70.82,61.97,0.0
2021-08-22,235.42000000000002,177.31,500.0,13178954.0,60719.0,290339.0,178.0,268.48,70.88,62.14,0.0
2021-08-23,235.42000000000002,177.31,500.0,13250344.0,71390.0,290499.0,160.0,268.48,70.95,62.34,0.0
2021-08-24,235.42000000000002,177.31,500.0,13318645.0,68301.0,290791.0,292.0,268.48,71.03,62.53,0.0
2021-08-25,235.42000000000002,177.31,500.0,13392969.0,74324.0,291048.0,257.0,268.48,71.14,62.77,0.0
2021-08-26,235.42000000000002,177.31,500.0,13468544.0,75575.0,291313.0,265.0,268.48,71.22,62.99,0.0
2021-08-27,235.42000000000002,177.31,500.0,13539977.0,71433.0,291551.0,238.0,268.48,71.28,63.18,0.0
2021-08-28,235.42000000000002,177.31,500.0,13599663.0,59686.0,291818.0,267.0,268.48,71.35,63.38,0.0
2021-08-29,235.42000000000002,177.31,500.0,13658735.0,59072.0,292018.0,200.0,268.48,71.38,63.5,0.0
2021-08-30,235.42000000000002,177.31,500.0,13719735.0,61000.0,292175.0,157.0,268.48,71.41,63.6,0.0
2021-08-31,235.42000000000002,177.31,500.0,13796878.0,77143.0,292352.0,177.0,268.48,71.47,63.78,0.0
2021-09-01,235.42000000000002,177.31,500.0,13875904.0,79026.0,292684.0,332.0,268.48,71.54,63.95,0.0
2021-09-02,235.42000000000002,177.31,500.0,13956063.0,80159.0,292999.0,315.0,268.48,71.6,64.12,0.0
2021-09-03,235.42000000000002,177.31,500.0,14036758.0,80695.0,293271.0,272.0,268.48,71.65,64.29,0.0
2021-09-04,235.42000000000002,177.31,500.0,14105210.0,68452.0,293536.0,265.0,268.48,71.71,64.48,0.0
2021-09-05,235.42000000000002,177.31,500.0,14173528.0,68318.0,293768.0,232.0,268.48,71.74,64.59,0.0
2021-09-06,235.42000000000002,177.31,500.0,14259256.0,85728.0,293969.0,201.0,268.48,71.78,64.71,0.0
2021-09-07,235.42000000000002,177.31,500.0,14335055.0,75799.0,294342.0,373.0,268.48,71.82,64.83,0.0
2021-09-08,235.42000000000002,177.31,500.0,14409390.0,74335.0,294676.0,334.0,268.48,71.85,64.96,0.0
2021-09-09,235.42000000000002,177.31,500.0,14480844.0,71454.0,295023.0,347.0,268.48,71.89,65.11,0.0
2021-09-10,231.85,171.75,500.0,14546765.0,65921.0,295320.0,297.0,265.36,71.93,65.24,0.0
2021-09-11,231.85,171.75,500.0,14599154.0,52389.0,295620.0,300.0,265.36,71.97,65.39,0.0
2021-09-12,231.85,171.75,500.0,14651828.0,52674.0,295817.0,197.0,265.36,72.0,65.47,0.0
2021-09-13,231.85,171.75,500.0,14716769.0,64941.0,295996.0,179.0,265.36,72.02,65.56,0.0
2021-09-14,231.85,171.75,500.0,14774454.0,57685.0,296351.0,355.0,265.36,72.05,65.66,0.0
2021-09-15,231.85,171.75,500.0,14834741.0,60287.0,296718.0,367.0,265.36,72.09,65.75,0.0
2021-09-16,231.85,171.75,500.0,14890776.0,56035.0,297038.0,320.0,265.36,72.12,65.85,0.0
2021-09-17,231.85,171.75,500.0,14952547.0,61771.0,297400.0,362.0,265.36,72.15,65.94,0.0
2021-09-18,231.85,171.75,500.0,15008630.0,56083.0,297701.0,301.0,265.36,72.19,66.04,0.0
2021-09-19,231.85,171.75,500.0,15068721.0,60091.0,297893.0,192.0,265.36,72.21,66.1,0.0
2021-09-20,231.85,171.75,500.0,15145191.0,76470.0,298101.0,208.0,265.36,72.24,66.17,0.0
2021-09-21,231.85,171.75,500.0,15215134.0,69943.0,298441.0,340.0,265.36,72.27,66.23,0.0
2021-09-22,231.85,171.75,500.0,15285451.0,70317.0,298766.0,325.0,265.36,72.31,66.3,0.0
2021-09-23,231.85,171.75,500.0,15357066.0,71615.0,299097.0,331.0,265.36,72.34,66.36,0.0
2021-09-24,231.85,171.75,500.0,15424795.0,67729.0,299417.0,320.0,265.36,72.38,66.43,0.0
2021-09-25,231.85,171.75,500.0,15483107.0,58312.0,299672.0,255.0,265.36,72.42,66.5,0.0
2021-09-26,231.85,171.75,500.0,15548187.0,65080.0,299841.0,169.0,265.36,72.44,66.54,0.0
2021-09-27,231.85,171.75,500.0,15627261.0,79074.0,300006.0,165.0,265.36,72.48,66.59,0.0
2021-09-28,231.85,171.75,500.0,15698328.0,71067.0,300293.0,287.0,265.36,72.53,66.64,0.0
2021-09-29,231.85,171.75,500.0,15768223.0,69895.0,300585.0,292.0,265.36,72.57,66.69,0.0
2021-09-30,231.85,171.75,500.0,15836570.0,68347.0,300851.0,266.0,265.36,72.63,66.74,1.29
2021-10-01,234.23000000000002,175.46,112.5,15900217.0,63647.0,301117.0,266.0,219.01,72.68,66.79,1.52
2021-10-02,234.23000000000002,175.46,112.5,15955922.0,55705.0,301356.0,239.0,219.01,72.73,66.84,1.81
2021-10-03,234.23000000000002,175.46,112.5,16017646.0,61724.0,301506.0,150.0,219.01,72.76,66.87,1.94
2021-10-04,234.23000000000002,175.46,112.5,16095636.0,77990.0,301651.0,145.0,219.01,72.82,66.92,2.13
2021-10-05,234.23000000000002,175.46,112.5,16167963.0,72327.0,301952.0,301.0,219.01,72.88,66.96,2.36
2021-10-06,234.23000000000002,175.46,112.5,16245902.0,77939.0,302209.0,257.0,219.01,72.93,67.0,2.6
2021-10-07,234.23000000000002,175.46,112.5,16324097.0,78195.0,302464.0,255.0,219.01,72.98,67.04,2.86
2021-10-08,234.23000000000002,175.46,112.5,16394618.0,70521.0,302733.0,269.0,219.01,73.03,67.09,3.12
2021-10-09,234.23000000000002,175.46,112.5,16466337.0,71719.0,302986.0,253.0,219.01,73.07,67.14,3.49
2021-10-10,234.23000000000002,175.46,112.5,16536348.0,70011.0,303139.0,153.0,219.01,73.11,67.16,3.63
2021-10-11,243.52,189.91,112.5,16626115.0,89767.0,303305.0,166.0,227.13,73.15,67.2,3.82
2021-10-12,236.37,178.79999999999998,112.5,16712104.0,85989.0,303622.0,317.0,220.88,73.2,67.24,4.06
2021-10-13,236.37,178.79,112.5,16801323.0,89219.0,303895.0,273.0,220.88,73.26,67.28,4.75
2021-10-14,236.37,178.78,112.5,16892299.0,90976.0,304213.0,318.0,220.88,73.33,67.33,5.1
2021-10-15,243.51,189.89,112.5,16980070.0,87771.0,304494.0,281.0,227.13,73.39,67.37,5.43
2021-10-16,243.51,189.89,112.5,17060766.0,80696.0,304793.0,299.0,227.13,73.43,67.42,5.89
2021-10-17,243.51,189.89,112.5,17149215.0,88449.0,304991.0,198.0,227.13,73.46,67.44,6.06
2021-10-18,245.23000000000002,192.57,112.5,17255661.0,106446.0,305175.0,184.0,228.63,73.52,67.48,6.33
2021-10-19,245.21,192.56,112.5,17351514.0,95853.0,305541.0,366.0,228.62,73.58,67.53,6.67
2021-10-20,245.21,192.55,112.5,17451720.0,100206.0,305874.0,333.0,228.62,73.65,67.57,7.05
2021-10-21,245.21,192.54,112.5,17548397.0,96677.0,306154.0,280.0,228.61,73.73,67.61,7.96
2021-10-22,245.20000000000002,192.54,112.5,17637790.0,89393.0,306485.0,331.0,228.61,73.79,67.65,8.41
2021-10-23,245.20000000000002,192.54,112.5,17717878.0,80088.0,306791.0,306.0,228.61,73.85,67.69,8.96
2021-10-24,245.20000000000002,192.51999999999998,112.5,17792383.0,74505.0,307029.0,238.0,228.61,73.89,67.72,9.21
2021-10-25,245.20000000000002,192.51,112.5,17875948.0,83565.0,307216.0,187.0,228.61,73.95,67.75,9.57
2021-10-26,245.20000000000002,192.5,112.5,17961525.0,85577.0,307656.0,440.0,228.6,74.01,67.78,9.97
2021-10-27,245.18,192.5,112.5,18048492.0,86967.0,308040.0,384.0,228.59,74.07,67.82,10.4
2021-10-28,245.17000000000002,192.5,112.5,18128889.0,80397.0,308404.0,364.0,228.59,74.14,67.85,10.84
2021-10-29,245.17000000000002,192.49,112.5,18212221.0,83332.0,308775.0,371.0,228.59,74.2,67.88,11.26
2021-10-30,245.17000000000002,192.48,112.5,18286516.0,74295.0,309105.0,330.0,228.57999999999998,74.26,67.92,11.82
2021-10-31,245.17000000000002,192.47,112.5,18358997.0,72481.0,309375.0,270.0,228.57,74.3,67.94,12.06
2021-11-01,245.16,192.47,112.5,18443788.0,84791.0,309606.0,231.0,228.57,74.35,67.97,12.42
2021-11-02,245.16,192.47,112.5,18515353.0,71565.0,310063.0,457.0,228.57,74.42,68.0,12.86
2021-11-03,245.16,192.45999999999998,112.5,18592142.0,76789.0,310464.0,401.0,228.57,74.48,68.03,13.4
2021-11-04,245.16,192.45999999999998,112.5,18662361.0,70219.0,310846.0,382.0,228.57,74.55,68.06,13.89
2021-11-05,245.15,192.45,112.5,18726376.0,64015.0,311205.0,359.0,228.57,74.61,68.09,14.37
2021-11-06,238.01,181.34,112.5,18783962.0,57586.0,311530.0,325.0,222.32,74.67,68.13,15.0
2021-11-07,238.01,181.32,112.5,18844391.0,60429.0,311753.0,223.0,222.31,74.71,68.15,15.31
2021-11-08,238.0,181.32,112.5,18920501.0,76110.0,311970.0,217.0,222.3,74.76,68.18,15.73
2021-11-09,237.99,181.32,112.5,18995532.0,75031.0,312388.0,418.0,222.3,74.81,68.21,16.23
2021-11-10,237.99,181.32,112.5,19077799.0,82267.0,312772.0,384.0,222.29000000000002,74.99,68.28,17.02
2021-11-11,237.99,181.3,112.5,19161199.0,83400.0,313124.0,352.0,222.29000000000002,75.05,68.32,17.57
2021-11-12,245.13,192.41,112.5,19237864.0,76665.0,313413.0,289.0,228.54,75.1,68.35,18.11
2021-11-13,245.12,192.4,112.5,19308416.0,70552.0,313721.0,308.0,228.54,75.15,68.39,18.79
2021-11-14,245.11,192.39,112.5,19380074.0,71658.0,313916.0,195.0,228.54,75.18,68.41,19.11
2021-11-15,245.11,192.39,112.5,19470293.0,90219.0,314132.0,216.0,228.53,75.23,68.44,19.54
2021-11-16,245.11,192.39,112.5,19553543.0,83250.0,314511.0,379.0,228.53,75.28,68.47,20.06
2021-11-17,245.11,192.38,112.5,19637305.0,83762.0,314838.0,327.0,228.51999999999998,75.32,68.5,20.63
2021-11-18,245.1,192.37,112.5,19728224.0,90919.0,315167.0,329.0,228.51999999999998,75.37,68.53,21.2
2021-11-19,245.09,192.37,112.5,19812069.0,83845.0,315463.0,296.0,228.51999999999998,75.41,68.56,21.74
2021-11-20,245.09,192.36,112.5,19887285.0,75216.0,315756.0,293.0,228.51999999999998,75.45,68.6,22.43
2021-11-21,245.09,192.36,112.5,19963995.0,76710.0,315937.0,181.0,228.51999999999998,75.47,68.62,22.79
2021-11-22,245.08,192.34,112.5,20059162.0,95167.0,316112.0,175.0,228.51,75.51,68.65,23.24
2021-11-23,245.08,192.34,112.5,20149841.0,90679.0,316426.0,314.0,228.5,75.55,68.68,23.79
2021-11-24,245.08,192.34,112.5,20239047.0,89206.0,316699.0,273.0,228.5,75.58,68.72,24.35
2021-11-25,245.08,192.34,112.5,20329125.0,90078.0,316987.0,288.0,228.49,75.62,68.75,24.94
2021-11-26,245.08,192.32999999999998,112.5,20417798.0,88673.0,317279.0,292.0,228.49,75.65,68.78,25.48
2021-11-27,245.96,192.31,112.5,20490665.0,72867.0,317534.0,255.0,229.28,75.68,68.83,26.18
2021-11-28,245.94,192.31,112.5,20566876.0,76211.0,317728.0,194.0,229.28,75.71,68.88,26.6
2021-11-29,245.94,192.31,112.5,20665310.0,98434.0,317907.0,179.0,229.28,75.75,68.92,27.07
2021-11-30,245.94,192.3,112.5,20760717.0,95407.0,318187.0,280.0,229.26999999999998,75.79,68.96,27.66
2021-12-01,245.94,192.28,112.5,20862771.0,102054.0,318495.0,308.0,229.26,75.83,69.01,28.26
2021-12-02,245.93,192.28,112.5,20966158.0,103387.0,318759.0,264.0,229.25,75.87,69.06,28.89
2021-12-03,245.92000000000002,192.27,112.5,21062398.0,96240.0,319049.0,290.0,229.25,75.9,69.1,29.47
2021-12-04,245.92000000000002,192.26,112.5,21142637.0,80239.0,319339.0,290.0,229.25,75.94,69.16,30.16
2021-12-05,245.91,192.25,112.5,21226973.0,84336.0,319509.0,170.0,229.24,75.98,69.2,30.59
2021-12-06,245.91,192.24,112.5,21337515.0,110542.0,319693.0,184.0,229.23000000000002,76.01,69.24,31.08
2021-12-07,245.89,192.23,112.5,21438869.0,101354.0,320005.0,312.0,229.23000000000002,76.04,69.28,31.66
2021-12-08,245.89,192.22,112.5,21548311.0,109442.0,320297.0,292.0,229.23000000000002,76.07,69.32,32.28
2021-12-09,245.89,192.22,112.5,21655328.0,107017.0,320577.0,280.0,229.23000000000002,76.11,69.37,32.97
2021-12-10,245.89,192.20999999999998,112.5,21766003.0,110675.0,320818.0,241.0,229.22,76.14,69.42,33.61
2021-12-11,245.87,192.19,112.5,21866876.0,100873.0,321059.0,241.0,229.2,76.18,69.48,34.43
2021-12-12,245.87,192.18,112.5,21968104.0,101228.0,321247.0,188.0,229.2,76.22,69.52,35.02
2021-12-13,251.81,201.43,112.5,22109227.0,141123.0,321397.0,150.0,234.4,76.25,69.57,35.78
2021-12-14,251.81,201.43,112.5,22271090.0,161863.0,321699.0,302.0,234.4,76.3,69.62,36.76
2021-12-15,248.25,195.89000000000001,112.5,22461530.0,190440.0,321982.0,283.0,231.28,76.34,69.68,37.87
2021-12-16,248.24,195.88,112.5,22655142.0,193612.0,322244.0,262.0,231.26999999999998,76.39,69.74,39.15
2021-12-17,248.23000000000002,195.87,112.5,22843524.0,188382.0,322485.0,241.0,231.26999999999998,76.44,69.81,40.41
2021-12-18,248.22,195.85,112.5,23021481.0,177957.0,322716.0,231.0,231.26999999999998,76.49,69.87,41.81
2021-12-19,248.22,195.82999999999998,112.5,23192569.0,171088.0,322877.0,161.0,231.24,76.54,69.93,43.07
2021-12-20,248.19,195.81,112.5,23418269.0,225700.0,323056.0,179.0,231.23,76.6,70.01,44.41
2021-12-21,248.19,195.78,112.5,23657583.0,239314.0,323339.0,283.0,231.22,76.66,70.09,45.84
2021-12-22,246.89,193.78,112.5,23924474.0,266891.0,323614.0,275.0,230.09,76.72,70.17,47.09
2021-12-23,246.89,193.77,112.5,24207556.0,283082.0,323897.0,283.0,230.09,76.77,70.23,47.99
2021-12-24,246.88,193.76,112.5,24466195.0,258639.0,324151.0,254.0,230.09,76.78,70.25,48.25
2021-12-25,250.45999999999998,199.32,112.5,24658418.0,192223.0,324273.0,122.0,233.21,76.78,70.26,48.26
2021-12-26,261.92,217.14,112.5,24893639.0,235221.0,324390.0,117.0,243.22,76.79,70.26,48.29
2021-12-27,261.91,217.14,112.5,25196345.0,302706.0,324665.0,275.0,243.22,76.81,70.29,48.7
2021-12-28,261.9,217.12,112.5,25546833.0,350488.0,324846.0,181.0,243.22,76.85,70.34,49.18
2021-12-29,261.89,217.1,112.5,26001727.0,454894.0,325033.0,187.0,243.22,76.9,70.4,49.83
2021-12-30,261.88,217.07,112.5,26426424.0,424697.0,325540.0,507.0,243.19,76.95,70.47,50.42
2021-12-31,261.88,217.07,112.5,26804824.0,378400.0,325898.0,358.0,243.19,76.97,70.5,50.67
2022-01-01,260.61,215.11,112.5,27085665.0,280841.0,326234.0,336.0,242.09,76.97,70.51,50.7
2022-01-02,260.61,215.11,112.5,27401673.0,316008.0,326476.0,242.0,242.09,76.99,70.53,50.86
2022-01-03,261.79,215.09,112.5,27818983.0,417310.0,326696.0,220.0,243.13,77.02,70.57,51.08
2022-01-04,258.21,209.53,112.5,28313335.0,494352.0,326945.0,249.0,239.99,77.06,70.63,51.41
2022-01-05,258.19,209.49,112.5,28729319.0,415984.0,327457.0,512.0,239.98000000000002,77.1,70.7,51.77
2022-01-06,258.19,209.49,112.5,29082028.0,352709.0,327904.0,447.0,239.96,77.14,70.75,52.12
2022-01-07,258.17,209.45,112.5,29380480.0,298452.0,328358.0,454.0,239.96,77.17,70.8,52.45
2022-01-08,258.16,209.44,112.5,29614658.0,234178.0,328886.0,528.0,239.94,77.22,70.88,52.8
2022-01-09,258.15,209.42000000000002,112.5,29851844.0,237186.0,329224.0,338.0,239.94,77.25,70.92,53.01
2022-01-10,258.14,209.41,112.5,30126921.0,275077.0,329542.0,318.0,239.93,77.28,70.96,53.23
2022-01-11,258.13,209.39999999999998,112.5,30357445.0,230524.0,330154.0,612.0,239.93,77.31,71.01,53.44
2022-01-12,258.11,209.38,112.5,30590210.0,232765.0,330789.0,635.0,239.91,77.33,71.05,53.63
2022-01-13,258.11,209.38,112.5,30792301.0,202091.0,331362.0,573.0,239.91,77.36,71.1,53.79
2022-01-14,258.1,209.35,112.5,30977204.0,184903.0,331865.0,503.0,239.9,77.4,71.15,53.96
2022-01-15,256.28,206.54,112.5,31135877.0,158673.0,332408.0,543.0,238.31,77.44,71.23,54.12
2022-01-16,256.27,206.51,112.5,31304131.0,168254.0,332753.0,345.0,238.29,77.46,71.29,54.21
2022-01-17,252.69,200.94,112.5,31523775.0,219644.0,333069.0,316.0,235.16,77.49,71.33,54.32
2022-01-18,252.67000000000002,200.93,112.5,31736522.0,212747.0,333739.0,670.0,235.16,77.51,71.37,54.43
2022-01-19,252.67000000000002,200.91,112.5,31955730.0,219208.0,334317.0,578.0,235.16,77.54,71.42,54.53
2022-01-20,246.54000000000002,195.1,112.5,32162586.0,206856.0,334848.0,531.0,229.76999999999998,77.56,71.47,54.63
2022-01-21,240.77,186.1,112.5,32350092.0,187506.0,335383.0,535.0,224.73,77.59,71.52,54.73
2022-01-22,240.74,186.07999999999998,112.5,32507254.0,157162.0,335900.0,517.0,224.7,77.62,71.59,54.84
2022-01-23,240.73,186.05,112.5,32684418.0,177164.0,336193.0,293.0,224.69,77.64,71.63,54.91
2022-01-24,240.71,186.02,112.5,32906179.0,221761.0,336472.0,279.0,224.68,77.66,71.68,54.99
2022-01-25,240.7,186.0,112.5,33113411.0,207232.0,337106.0,634.0,224.67,77.68,71.72,55.07
2022-01-26,240.7,185.99,112.5,33323682.0,210271.0,337647.0,541.0,224.67,77.71,71.77,55.15
2022-01-27,228.62,172.78,112.5,33516039.0,192357.0,338202.0,555.0,214.10999999999999,77.73,71.81,55.23
2022-01-28,226.84,170.01,112.5,33688571.0,172532.0,338678.0,476.0,212.54,77.76,71.86,55.31
2022-01-29,226.82,169.98,112.5,33834219.0,145648.0,339154.0,476.0,212.53,77.78,71.92,55.39
2022-01-30,226.82,169.97,112.5,33984316.0,150097.0,339434.0,280.0,212.51999999999998,77.8,71.96,55.44
2022-01-31,226.82,169.95,112.5,34936734.0,952418.0,339687.0,253.0,212.51,77.82,72.0,55.5
2022-02-01,226.81,169.95,112.5,35143135.0,206401.0,341012.0,1325.0,212.51,77.84,72.04,55.56
2022-02-02,226.79000000000002,169.94,112.5,35318406.0,175271.0,341748.0,736.0,212.5,77.86,72.08,55.62
2022-02-03,226.79000000000002,169.94,112.5,35487681.0,169275.0,342241.0,493.0,212.5,77.88,72.12,55.67
2022-02-04,226.78,169.92000000000002,112.5,35632998.0,145317.0,342653.0,412.0,212.5,77.9,72.16,55.73
2022-02-05,226.78,169.91,112.5,35745416.0,112418.0,343080.0,427.0,212.49,77.93,72.2,55.79
2022-02-06,226.77,169.89,112.5,35859289.0,113873.0,343311.0,231.0,212.48000000000002,77.94,72.23,55.82
2022-02-07,226.77,169.89,112.5,35999079.0,139790.0,343494.0,183.0,212.48000000000002,77.95,72.26,55.86
2022-02-08,226.76,169.88,112.5,36134911.0,135832.0,343967.0,473.0,212.47,77.97,72.3,55.91
2022-02-09,226.76,169.88,112.5,36266566.0,131655.0,344385.0,418.0,212.46,77.98,72.33,55.96
2022-02-10,226.76,169.88,112.5,36480938.0,214372.0,344712.0,327.0,212.46,78.0,72.37,56.01
2022-02-11,219.12,157.98000000000002,112.5,36583811.0,102873.0,345046.0,334.0,205.79,78.02,72.41,56.07
2022-02-12,219.10999999999999,157.96,112.5,36666838.0,83027.0,345357.0,311.0,205.78,78.04,72.45,56.13
2022-02-13,219.1,157.95,112.5,36749437.0,82599.0,345535.0,178.0,205.78,78.05,72.47,56.16
2022-02-14,219.1,157.95,112.5,36845353.0,95916.0,345725.0,190.0,205.76999999999998,78.06,72.5,56.21
2022-02-15,194.37,125.03,112.5,36943776.0,98423.0,346090.0,365.0,184.13,78.08,72.53,56.3
2022-02-16,194.37,125.02,112.5,37049101.0,105325.0,346417.0,327.0,184.13,78.09,72.56,56.35
2022-02-17,194.36,125.02,112.5,37145169.0,96068.0,346724.0,307.0,184.13,78.11,72.59,56.4
2022-02-18,188.86,116.46000000000001,112.5,37225555.0,80386.0,347008.0,284.0,179.29000000000002,78.12,72.61,56.44
2022-02-19,188.86,116.46000000000001,112.5,37299421.0,73866.0,347271.0,263.0,179.29000000000002,78.13,72.64,56.49
2022-02-20,188.85,116.46000000000001,112.5,37368148.0,68727.0,347468.0,197.0,179.29000000000002,78.14,72.66,56.51
2022-02-21,186.47,116.45,112.5,37451414.0,83266.0,347591.0,123.0,177.21,78.15,72.68,56.56
2022-02-22,186.47,116.44,112.5,37531476.0,80062.0,347915.0,324.0,177.21,78.16,72.71,56.6
2022-02-23,186.47,116.44,112.5,37607187.0,75711.0,348196.0,281.0,177.21,78.18,72.74,56.65
2022-02-24,186.47,116.44,112.5,37676299.0,69112.0,348444.0,248.0,177.21,78.19,72.76,56.69
2022-02-25,186.47,116.44,112.5,37735742.0,59443.0,348684.0,240.0,177.21,78.2,72.78,56.73
2022-02-26,186.47,116.44,112.5,37760841.0,25099.0,348784.0,100.0,177.21,78.21,72.81,56.77
2022-02-27,186.46,116.44,112.5,37792205.0,31364.0,348902.0,118.0,177.21,78.22,72.83,56.79
2022-02-28,175.3,99.08,112.5,37918782.0,126577.0,349144.0,242.0,167.45,78.23,72.85,56.83
2022-03-01,175.3,99.08,112.5,38062442.0,143660.0,349519.0,375.0,167.45,78.24,72.87,56.86
2022-03-02,175.3,99.08,112.5,38152369.0,89927.0,349738.0,219.0,167.45,78.25,72.89,56.9
2022-03-03,175.3,99.08,112.5,38241505.0,89136.0,350034.0,296.0,167.45,78.26,72.92,56.94
2022-03-04,175.3,99.08,112.5,38327397.0,85892.0,350254.0,220.0,167.45,78.27,72.94,56.98
2022-03-05,175.3,99.08,112.5,38366152.0,38755.0,350355.0,101.0,167.45,78.28,72.97,57.02
2022-03-06,175.3,99.08,112.5,38415182.0,49030.0,350448.0,93.0,167.45,78.29,72.99,57.04
2022-03-07,175.3,99.08,112.5,38609851.0,194669.0,350711.0,263.0,167.45,78.29,73.01,57.07
2022-03-08,175.3,99.08,112.5,38741693.0,131842.0,351041.0,330.0,167.45,78.3,73.03,57.1
2022-03-09,175.3,99.08,112.5,38882120.0,140427.0,351270.0,229.0,167.45,78.31,73.05,57.13
2022-03-10,175.3,99.08,112.5,39036742.0,154622.0,351526.0,256.0,167.45,78.32,73.07,57.16
2022-03-11,175.3,99.08,112.5,39176311.0,139569.0,351761.0,235.0,167.45,78.32,73.09,57.19
2022-03-12,175.3,99.08,112.5,39238389.0,62078.0,351880.0,119.0,167.45,78.33,73.12,57.22
2022-03-13,175.3,99.08,112.5,39314145.0,75756.0,351988.0,108.0,167.45,78.34,73.14,57.24
2022-03-14,175.3,99.08,112.5,39584480.0,270335.0,352263.0,275.0,167.45,78.35,73.16,57.28
2022-03-15,175.3,99.08,112.5,39797412.0,212932.0,352606.0,343.0,167.45,78.35,73.19,57.31
2022-03-16,175.3,99.08,112.5,39980183.0,182771.0,352903.0,297.0,167.45,78.36,73.21,57.34
2022-03-17,175.3,99.08,112.5,40153538.0,173355.0,353179.0,276.0,167.45,78.37,73.23,57.37
2022-03-18,166.37,85.18,112.5,40320980.0,167442.0,353471.0,292.0,159.64,78.37,73.25,57.4
2022-03-19,166.37,85.18,112.5,40388415.0,67435.0,353635.0,164.0,159.64,78.39,73.28,57.43
2022-03-20,166.37,85.18,112.5,40469493.0,81078.0,353803.0,168.0,159.64,78.4,73.29,57.44
2022-03-21,163.99,81.48,112.5,40804493.0,335000.0,354128.0,325.0,157.55,78.41,73.31,57.47
2022-03-22,163.99,81.48,112.5,40997925.0,193432.0,354542.0,414.0,157.55,0.0,73.33,57.5
2022-03-23,163.99,81.48,112.5,41194403.0,196478.0,354891.0,349.0,157.55,78.41,73.34,57.52
2022-03-24,163.99,81.48,112.5,41375151.0,180748.0,355210.0,319.0,157.55,78.42,73.35,57.55
2022-03-25,163.99,81.48,112.5,41524911.0,149760.0,355559.0,349.0,157.55,78.42,73.37,57.57
2022-03-26,163.99,81.48,112.5,41586374.0,61463.0,355719.0,160.0,157.55,78.44,73.4,57.6
2022-03-27,163.99,81.48,112.5,41654723.0,68349.0,355876.0,157.0,157.55,78.45,73.41,57.61
2022-03-28,158.04,72.22,112.5,41962032.0,307309.0,356268.0,392.0,152.34,78.46,73.43,57.63
2022-03-29,158.04,72.22,112.5,42122855.0,160823.0,356761.0,493.0,152.34,78.47,73.45,57.66
2022-03-30,155.66,72.22,112.5,42283377.0,160522.0,357152.0,391.0,150.25,78.47,73.47,57.68
2022-03-31,155.66,72.22,112.5,42412602.0,129225.0,357532.0,380.0,150.25,78.48,73.48,57.71
2022-04-01,153.28,72.22,112.5,42529547.0,116945.0,357925.0,393.0,148.17,78.49,73.5,57.73
2022-04-02,153.28,72.22,112.5,42567147.0,37600.0,358113.0,188.0,148.17,78.51,73.53,57.75
2022-04-03,153.28,72.22,112.5,42609338.0,42191.0,358298.0,185.0,148.17,78.52,73.54,57.77
2022-04-04,153.28,72.22,112.5,42805910.0,196572.0,358680.0,382.0,148.17,78.53,73.56,57.79
2022-04-05,153.28,72.22,112.5,42905632.0,99722.0,359247.0,567.0,148.17,78.55,73.57,57.81
2022-04-06,153.28,72.22,87.5,43001625.0,95993.0,362386.0,3139.0,145.04,78.57,73.59,57.84
2022-04-07,153.28,72.22,87.5,43087318.0,85693.0,362929.0,543.0,145.04,78.59,73.6,57.86
2022-04-08,153.28,72.22,87.5,43161582.0,74264.0,363512.0,583.0,145.04,78.6,73.62,57.88
2022-04-09,153.28,72.22,87.5,43189460.0,27878.0,363680.0,168.0,145.04,78.64,73.64,57.91
2022-04-10,153.28,72.22,87.5,43220407.0,30947.0,363873.0,193.0,145.04,78.66,73.66,57.93
2022-04-11,153.28,72.22,87.5,43348949.0,128542.0,364403.0,530.0,145.04,78.69,73.67,57.95
2022-04-12,153.28,72.22,87.5,43420994.0,72045.0,364884.0,481.0,145.04,78.71,73.69,57.98
2022-04-13,153.28,72.22,87.5,43488516.0,67522.0,365752.0,868.0,145.04,78.74,73.71,58.01
2022-04-14,153.28,72.22,87.5,43547676.0,59160.0,366292.0,540.0,145.04,78.78,73.73,58.04
2022-04-15,153.28,72.22,87.5,43569286.0,21610.0,366459.0,167.0,145.04,78.79,73.74,58.05
2022-04-16,153.28,72.22,87.5,43589204.0,19918.0,366622.0,163.0,145.04,78.82,73.75,58.06
2022-04-17,153.28,72.22,87.5,43609348.0,20144.0,366782.0,160.0,145.04,78.83,73.76,58.07
2022-04-18,134.23,57.4,87.5,43634563.0,25215.0,366951.0,169.0,128.37,78.84,73.76,58.08
2022-04-19,133.04,55.55,87.5,43776635.0,142072.0,367587.0,636.0,127.33,78.86,73.78,58.1
2022-04-20,133.04,55.55,87.5,43824173.0,47538.0,368252.0,665.0,127.33,78.88,73.8,58.13
2022-04-21,133.04,55.55,87.5,43862107.0,37934.0,369093.0,841.0,127.33,78.91,73.81,58.15
2022-04-22,133.04,55.55,87.5,43901500.0,39393.0,369523.0,430.0,127.33,78.93,73.83,58.18
2022-04-23,133.04,55.55,87.5,43914706.0,13206.0,369666.0,143.0,127.33,78.98,73.85,58.21
2022-04-24,133.04,55.55,87.5,43929424.0,14718.0,369796.0,130.0,127.33,79.0,73.87,58.22
2022-04-25,133.04,55.55,87.5,43991540.0,62116.0,370265.0,469.0,127.33,79.01,73.88,58.25
2022-04-26,133.04,55.55,87.5,44022713.0,31173.0,370838.0,573.0,127.33,79.03,73.89,58.28
2022-04-27,133.04,55.55,87.5,44052874.0,30161.0,371273.0,435.0,127.33,79.04,73.9,58.31
2022-04-28,133.04,55.55,87.5,44078478.0,25604.0,371650.0,377.0,127.33,79.06,73.92,58.35
2022-04-29,133.04,55.55,87.5,44100900.0,22422.0,371972.0,322.0,127.33,79.08,73.93,58.37
2022-04-30,133.04,55.55,87.5,44109255.0,8355.0,372078.0,106.0,127.33,79.12,73.95,58.4
2022-05-01,133.04,55.55,87.5,44118287.0,9032.0,372187.0,109.0,127.33,79.13,73.96,58.41
2022-05-02,133.04,55.55,87.5,44130178.0,11891.0,372293.0,106.0,127.33,79.14,73.97,58.42
2022-05-03,133.04,55.55,87.5,44179005.0,48827.0,372804.0,511.0,127.33,79.15,73.98,58.44
2022-05-04,133.04,55.55,87.5,44207333.0,28328.0,373119.0,315.0,127.33,79.17,73.99,58.48
2022-05-05,133.04,55.55,87.5,44230004.0,22671.0,373640.0,521.0,127.33,79.18,74.0,58.51
2022-05-06,133.04,55.55,87.5,44249998.0,19994.0,373960.0,320.0,127.33,79.19,74.01,58.54
2022-05-07,133.04,55.55,87.5,44257514.0,7516.0,374060.0,100.0,127.33,79.23,74.04,58.57
2022-05-08,133.04,55.55,87.5,44266576.0,9062.0,374140.0,80.0,127.33,79.25,74.05,58.58
2022-05-09,133.04,55.55,87.5,44303523.0,36947.0,374431.0,291.0,127.33,79.25,74.06,58.61
2022-05-10,125.89,55.55,87.5,44323679.0,20156.0,374809.0,378.0,121.09,79.27,74.07,58.64
2022-05-11,125.89,55.55,87.5,44340521.0,16842.0,375093.0,284.0,121.09,79.28,74.08,58.67
2022-05-12,125.89,55.55,87.5,44362959.0,22438.0,375344.0,251.0,121.09,79.29,74.1,58.7
2022-05-13,125.89,55.55,87.5,44376483.0,13524.0,375564.0,220.0,121.09,79.3,74.11,58.73
2022-05-14,125.89,55.55,87.5,44382601.0,6118.0,375632.0,68.0,121.09,79.33,74.12,58.75
2022-05-15,125.89,55.55,87.5,44390574.0,7973.0,375702.0,70.0,121.09,79.34,74.13,58.76
2022-05-16,125.89,55.55,87.5,44423583.0,33009.0,375921.0,219.0,121.09,79.35,74.14,58.79
2022-05-17,125.89,55.55,87.5,44440463.0,16880.0,376177.0,256.0,121.09,79.36,74.15,58.81
2022-05-18,125.89,55.55,87.5,44455882.0,15419.0,376349.0,172.0,121.09,79.37,74.16,58.84
2022-05-19,125.89,55.55,87.5,44474899.0,19017.0,376563.0,214.0,121.09,79.38,74.17,58.86
2022-05-20,125.89,55.55,87.5,62486987.0,18012088.0,376720.0,157.0,121.09,79.39,74.18,58.89
2022-05-21,97.91,44.44,62.5,62496248.0,9261.0,373324.0,0.0,111.2,79.41,74.2,58.91
2022-05-22,97.91,44.44,62.5,62507396.0,11148.0,373381.0,57.0,111.2,79.42,74.2,58.92
2022-05-23,97.91,44.44,62.5,62546922.0,39526.0,373551.0,170.0,111.2,79.43,74.21,58.94
2022-05-24,97.91,44.44,62.5,62565634.0,18712.0,373738.0,187.0,111.2,79.44,74.22,58.96
2022-05-25,97.91,44.44,62.5,62582966.0,17332.0,373863.0,125.0,111.2,79.44,74.22,58.98
2022-05-26,97.91,44.44,62.5,62589600.0,6634.0,373997.0,134.0,111.2,79.44,74.26,58.99
2022-05-27,97.91,44.44,62.5,62604154.0,14554.0,374101.0,104.0,111.2,79.45,74.27,59.01
2022-05-28,97.91,44.44,62.5,62613295.0,9141.0,374134.0,33.0,111.2,79.47,74.29,59.03
2022-05-29,97.91,44.44,62.5,62623659.0,10364.0,374161.0,27.0,111.2,79.48,74.3,59.04
2022-05-30,96.11999999999999,44.44,62.5,62653790.0,30131.0,374296.0,135.0,109.64,79.49,74.31,59.06
2022-05-31,96.11999999999999,44.44,62.5,62672414.0,18624.0,374454.0,158.0,109.64,79.5,74.32,59.08
2022-06-01,96.11999999999999,44.44,62.5,62690446.0,18032.0,374570.0,116.0,109.64,79.51,74.33,59.1
2022-06-02,96.11999999999999,44.44,62.5,62701736.0,11290.0,374655.0,85.0,109.64,79.51,74.34,59.11
2022-06-03,96.11999999999999,44.44,62.5,62713955.0,12219.0,362292.0,0.0,109.64,79.51,74.34,59.11
2022-06-04,96.11999999999999,44.44,62.5,62727722.0,13767.0,362328.0,36.0,109.64,79.52,74.35,59.12
2022-06-05,96.11999999999999,44.44,62.5,62745888.0,18166.0,362358.0,30.0,109.64,79.53,74.35,59.13
2022-06-06,96.11999999999999,44.44,62.5,62800483.0,54595.0,362478.0,120.0,109.64,79.53,74.36,59.14
2022-06-07,88.97999999999999,44.44,12.5,62831605.0,31122.0,362641.0,163.0,94.0,79.53,74.37,59.16
2022-06-08,88.97999999999999,44.44,12.5,62867227.0,35622.0,362765.0,124.0,94.0,79.54,74.38,59.17
2022-06-09,88.97999999999999,44.44,12.5,62898203.0,30976.0,362873.0,108.0,94.0,79.55,74.38,59.19
2022-06-10,88.97999999999999,44.44,12.5,62927348.0,29145.0,362968.0,95.0,94.0,79.55,74.39,59.2
2022-06-11,88.97999999999999,44.44,12.5,62945886.0,18538.0,363001.0,33.0,94.0,79.57,74.41,59.22
2022-06-12,88.97999999999999,44.44,12.5,62969293.0,23407.0,363044.0,43.0,94.0,79.58,74.42,59.23
2022-06-13,88.97999999999999,44.44,12.5,63025752.0,56459.0,363139.0,95.0,94.0,79.58,74.43,59.24
2022-06-14,88.97999999999999,44.44,12.5,63065577.0,39825.0,363263.0,124.0,94.0,79.58,74.43,59.26
2022-06-15,88.97999999999999,44.44,12.5,63118097.0,52520.0,363355.0,92.0,94.0,79.59,74.44,59.27
2022-06-16,88.97999999999999,44.44,12.5,63156766.0,38669.0,363469.0,114.0,94.0,79.59,74.45,59.28
2022-06-17,88.97999999999999,44.44,12.5,63194379.0,37613.0,363576.0,107.0,94.0,79.6,74.45,59.29
2022-06-18,88.97999999999999,44.44,12.5,63219640.0,25261.0,363619.0,43.0,94.0,79.61,74.47,59.31
2022-06-19,88.97999999999999,44.44,12.5,63251154.0,31514.0,363664.0,45.0,94.0,79.62,74.48,59.31
2022-06-20,88.97999999999999,44.44,12.5,63324439.0,73285.0,363775.0,111.0,94.0,79.62,74.49,59.33
2022-06-21,88.97999999999999,44.44,12.5,63379291.0,54852.0,363936.0,161.0,94.0,79.63,74.5,59.34
2022-06-22,88.97999999999999,44.44,12.5,63450642.0,71351.0,364081.0,145.0,94.0,79.63,74.5,59.35
2022-06-23,27.08,11.11,0.0,63505194.0,54552.0,364217.0,136.0,109.10000000000001,79.64,74.51,59.36
2022-06-24,27.08,11.11,0.0,63555632.0,50438.0,364331.0,114.0,109.10000000000001,79.64,74.52,59.38
2022-06-25,27.08,11.11,0.0,63586897.0,31265.0,364401.0,70.0,109.10000000000001,79.66,74.54,59.39
2022-06-26,27.08,11.11,0.0,63625706.0,38809.0,364468.0,67.0,109.10000000000001,79.67,74.55,59.4
2022-06-27,27.08,11.11,0.0,63720004.0,94298.0,364613.0,145.0,109.10000000000001,79.67,74.56,59.41
2022-06-28,27.08,11.11,0.0,63788319.0,68315.0,364799.0,186.0,109.10000000000001,79.68,74.57,59.43
2022-06-29,27.08,11.11,0.0,63870532.0,82213.0,365000.0,201.0,109.10000000000001,79.68,74.58,59.44
2022-06-30,27.08,11.11,0.0,63939175.0,68643.0,365159.0,159.0,109.10000000000001,79.69,74.6,59.45
2022-07-01,23.51,11.11,0.0,64004592.0,65417.0,365323.0,164.0,105.97,79.69,74.61,59.47
2022-07-02,23.51,11.11,0.0,64046141.0,41549.0,365408.0,85.0,105.97,79.7,74.64,59.48
2022-07-03,23.51,11.11,0.0,64099087.0,52946.0,365476.0,68.0,105.97,79.71,74.65,59.49
2022-07-04,23.51,11.11,0.0,64163165.0,64078.0,365561.0,85.0,105.97,79.72,74.67,59.5
2022-07-05,23.51,11.11,0.0,64222690.0,59525.0,365660.0,99.0,105.97,79.72,74.68,59.51
2022-07-06,23.51,11.11,0.0,64422027.0,199337.0,366069.0,409.0,105.97,79.72,74.69,59.52
2022-07-07,23.51,11.11,0.0,64472529.0,50502.0,366179.0,110.0,105.97,79.73,74.71,59.54
2022-07-08,23.51,11.11,0.0,64519304.0,46775.0,366280.0,101.0,105.97,79.73,74.72,59.55
2022-07-09,23.51,11.11,0.0,64559898.0,40594.0,366380.0,100.0,105.97,79.74,74.76,59.56
2022-07-10,23.51,11.11,0.0,64608021.0,48123.0,366494.0,114.0,105.97,79.75,74.77,59.57
2022-07-11,23.51,11.11,0.0,64665041.0,57020.0,366616.0,122.0,105.97,79.75,74.78,59.58
2022-07-12,23.51,11.11,0.0,64716350.0,51309.0,366761.0,145.0,105.97,79.76,74.79,59.59
2022-07-13,23.51,11.11,0.0,64952757.0,236407.0,367739.0,978.0,105.97,79.76,74.81,59.6
2022-07-14,23.51,11.11,0.0,64993195.0,40438.0,367904.0,165.0,105.97,79.77,74.82,59.62
2022-07-15,23.51,11.11,0.0,65028178.0,34983.0,368004.0,100.0,105.97,79.77,74.83,59.63
2022-07-16,23.51,11.11,0.0,65056861.0,28683.0,368115.0,111.0,105.97,79.78,74.87,59.64
2022-07-17,23.51,11.11,0.0,65089795.0,32934.0,368270.0,155.0,105.97,79.78,74.89,59.65
2022-07-18,23.51,11.11,0.0,65125422.0,35627.0,368393.0,123.0,105.97,79.79,74.89,59.65
2022-07-19,23.51,11.11,0.0,65156951.0,31529.0,368602.0,209.0,105.97,79.79,74.9,59.66
2022-07-20,23.51,11.11,0.0,65325307.0,168356.0,369878.0,1276.0,105.97,79.79,74.92,59.67
2022-07-21,23.51,11.11,0.0,65352249.0,26942.0,370027.0,149.0,105.97,79.8,74.93,59.68
2022-07-22,23.51,11.11,0.0,65375797.0,23548.0,370137.0,110.0,105.97,79.8,74.95,59.69
2022-07-23,23.51,11.11,0.0,65394629.0,18832.0,370252.0,115.0,105.97,79.81,74.98,59.7
2022-07-24,23.51,11.11,0.0,65416113.0,21484.0,370377.0,125.0,105.97,79.81,74.99,59.71
2022-07-25,23.51,11.11,0.0,65441335.0,25222.0,370484.0,107.0,105.97,79.82,75.01,59.72
2022-07-26,21.13,11.11,0.0,65463528.0,22193.0,370602.0,118.0,103.89,79.82,75.02,59.73
2022-07-27,21.13,11.11,0.0,65575408.0,111880.0,371908.0,1306.0,103.89,79.83,75.03,59.74
2022-07-28,21.13,11.11,0.0,65593062.0,17654.0,372046.0,138.0,103.89,79.83,75.05,59.75
2022-07-29,21.13,11.11,0.0,65609146.0,16084.0,372153.0,107.0,103.89,79.84,75.06,59.76
2022-07-30,21.13,11.11,0.0,65623080.0,13934.0,372224.0,71.0,103.89,79.85,75.09,59.77
2022-07-31,21.13,11.11,0.0,65639165.0,16085.0,372311.0,87.0,103.89,79.85,75.1,59.78
2022-08-01,21.13,11.11,0.0,65657803.0,18638.0,372401.0,90.0,103.89,79.85,75.11,59.79
2022-08-02,21.13,11.11,0.0,65675123.0,17320.0,372493.0,92.0,103.89,79.86,75.12,59.8
2022-08-03,21.13,11.11,0.0,65755289.0,80166.0,373665.0,1172.0,103.89,79.86,75.13,59.8
2022-08-04,21.13,11.11,0.0,65769075.0,13786.0,373781.0,116.0,103.89,79.87,75.14,59.81
2022-08-05,21.13,11.11,0.0,65781446.0,12371.0,373855.0,74.0,103.89,79.87,75.15,59.82
2022-08-06,21.13,11.11,0.0,65791703.0,10257.0,373909.0,54.0,103.89,79.87,75.17,59.83
2022-08-07,21.13,11.11,0.0,65804114.0,12411.0,373988.0,79.0,103.89,79.88,75.18,59.83
2022-08-08,21.13,11.11,0.0,65819310.0,15196.0,374063.0,75.0,103.89,79.88,75.19,59.84
2022-08-09,21.13,11.11,0.0,65833013.0,13703.0,374126.0,63.0,103.89,79.88,75.2,59.85
2022-08-10,21.13,11.11,0.0,65897646.0,64633.0,375163.0,1037.0,103.89,79.89,75.21,59.86
2022-08-11,21.13,11.11,0.0,65909262.0,11616.0,375258.0,95.0,103.89,79.89,75.22,59.86
2022-08-12,21.13,11.11,0.0,65919359.0,10097.0,375298.0,40.0,103.89,79.89,75.23,59.87
2022-08-13,21.13,11.11,0.0,65927805.0,8446.0,375298.0,0.0,103.89,79.9,75.24,59.88
2022-08-14,21.13,11.11,0.0,65937938.0,10133.0,375298.0,0.0,103.89,79.9,75.25,59.88
2022-08-15,21.13,11.11,0.0,65949939.0,12001.0,375298.0,0.0,103.89,79.91,75.26,59.89
2022-08-16,21.13,11.11,0.0,65960284.0,10345.0,375298.0,0.0,103.89,79.91,75.27,59.9
2022-08-17,21.13,11.11,0.0,66009602.0,49318.0,376193.0,895.0,103.89,79.92,75.28,59.9
2022-08-18,0.0,0.0,0.0,66017872.0,8270.0,376213.0,20.0,103.89,79.92,75.28,59.91
2022-08-19,0.0,0.0,0.0,66024998.0,7126.0,376213.0,0.0,103.89,79.92,75.29,59.92
2022-08-20,0.0,0.0,0.0,66031082.0,6084.0,376213.0,0.0,103.89,79.93,75.31,59.93
2022-08-21,0.0,0.0,0.0,66038663.0,7581.0,376213.0,0.0,103.89,79.93,75.31,59.93
2022-08-22,0.0,0.0,0.0,66048288.0,9625.0,376213.0,0.0,103.89,79.93,75.32,59.94
2022-08-23,0.0,0.0,0.0,66056943.0,8655.0,376213.0,0.0,103.89,79.94,75.33,59.94
2022-08-24,0.0,0.0,0.0,66065130.0,8187.0,376936.0,723.0,103.89,79.94,75.34,59.95
2022-08-25,0.0,0.0,0.0,67310115.0,1244985.0,376651.0,0.0,103.89,79.94,75.35,59.96
2022-08-26,0.0,0.0,0.0,67316681.0,6566.0,368867.0,0.0,103.89,79.95,75.36,59.96
2022-08-27,0.0,0.0,0.0,67322559.0,5878.0,368867.0,0.0,103.89,79.95,75.37,59.97
2022-08-28,0.0,0.0,0.0,67329117.0,6558.0,368867.0,0.0,103.89,79.96,75.38,59.97
2022-08-29,0.0,0.0,0.0,102814719.0,35485602.0,368867.0,0.0,103.89,79.96,75.38,59.98
2022-08-30,0.0,0.0,0.0,102826131.0,11412.0,368867.0,0.0,103.89,79.96,75.39,59.98
2022-08-31,0.0,0.0,0.0,102855048.0,28917.0,369912.0,1045.0,103.89,79.96,75.4,59.99
2022-09-01,0.0,0.0,0.0,102855048.0,0.0,205288.0,0.0,103.89,0.0,0.0,0.0
2022-09-02,0.0,0.0,0.0,102855048.0,0.0,205288.0,0.0,103.89,0.0,0.0,0.0
2022-09-03,0.0,0.0,0.0,102855048.0,0.0,205288.0,0.0,103.89,0.0,0.0,0.0
2022-09-04,0.0,0.0,0.0,102855048.0,0.0,205288.0,0.0,103.89,0.0,0.0,0.0
2022-09-05,0.0,0.0,0.0,102855048.0,0.0,205288.0,0.0,103.89,0.0,0.0,0.0
2022-09-06,0.0,0.0,0.0,102855048.0,0.0,205288.0,0.0,103.89,0.0,0.0,0.0
