date,containment_and_health,stringency,economics_sup,total_cases,new_cases,total_deaths,new_deaths,gov_response,total_vaccinations,people_vaccinated,people_fully_vaccinated,total_boosters
2021-01-08,0.12689512240559314,0.14748168808036943,0.12065151819827066,771.0,4.0,1.0,1.0,0.12325758743284106,0.0,0.0,0.0,0.0
2021-01-09,0.12689512240559314,0.14748168808036943,0.12065151819827066,810.0,39.0,1.0,0.0,0.12325758743284106,0.0,0.0,0.0,0.0
2021-01-10,0.12689512240559314,0.14748168808036943,0.12065151819827066,813.0,3.0,1.0,0.0,0.12325758743284106,0.0,0.0,0.0,0.0
2021-01-11,0.12689512240559314,0.14748168808036943,0.12065151819827066,825.0,12.0,1.0,0.0,0.12325758743284106,0.0,0.0,0.0,0.0
2021-01-12,0.12689512240559314,0.14748168808036943,0.12065151819827066,831.0,6.0,1.0,0.0,0.12325758743284106,0.0,0.0,0.0,0.0
2021-01-13,0.12689512240559314,0.14748168808036943,0.12065151819827066,833.0,2.0,1.0,0.0,0.12325758743284106,0.0,0.0,0.0,0.0
2021-01-14,0.12689512240559314,0.14748168808036943,0.12065151819827066,834.0,1.0,1.0,0.0,0.12325758743284106,0.0,0.0,0.0,0.0
2021-01-15,0.12689512240559314,0.14748168808036943,0.12065151819827066,837.0,3.0,1.0,0.0,0.12325758743284106,0.0,0.0,0.0,0.0
2021-01-16,0.12689512240559314,0.14748168808036943,0.12065151819827066,842.0,5.0,1.0,0.0,0.12325758743284106,0.0,0.0,0.0,0.0
2021-01-17,0.12689512240559314,0.14748168808036943,0.12065151819827066,842.0,0.0,1.0,0.0,0.12325758743284106,0.0,0.0,0.0,0.0
2021-01-18,0.12689512240559314,0.14748168808036943,0.12065151819827066,843.0,1.0,1.0,0.0,0.12325758743284106,0.0,0.0,0.0,0.0
2021-01-19,0.11364227869463253,0.12582920202219458,0.12065151819827066,848.0,5.0,1.0,0.0,0.11201460889713191,0.0,0.0,0.0,0.0
2021-01-20,0.11364227869463253,0.12582920202219458,0.12065151819827066,850.0,2.0,1.0,0.0,0.11201460889713191,0.0,0.0,0.0,0.0
2021-01-21,0.11364227869463253,0.12582920202219458,0.12065151819827066,850.0,0.0,1.0,0.0,0.11201460889713191,0.0,0.0,0.0,0.0
2021-01-22,0.11364227869463253,0.12582920202219458,0.12065151819827066,851.0,1.0,1.0,0.0,0.11201460889713191,0.0,0.0,0.0,0.0
2021-01-23,0.11364227869463253,0.12582920202219458,0.12065151819827066,854.0,3.0,1.0,0.0,0.11201460889713191,0.0,0.0,0.0,0.0
2021-01-24,0.11364227869463253,0.12582920202219458,0.12065151819827066,855.0,1.0,1.0,0.0,0.11201460889713191,0.0,0.0,0.0,0.0
2021-01-25,0.11364227869463253,0.12582920202219458,0.12065151819827066,856.0,1.0,1.0,0.0,0.11201460889713191,0.0,0.0,0.0,0.0
2021-01-26,0.11364227869463253,0.12582920202219458,0.12065151819827066,856.0,0.0,1.0,0.0,0.11201460889713191,0.0,0.0,0.0,0.0
2021-01-27,0.11364227869463253,0.12582920202219458,0.12065151819827066,856.0,0.0,1.0,0.0,0.11201460889713191,0.0,0.0,0.0,0.0
2021-01-28,0.11364227869463253,0.12582920202219458,0.12065151819827066,857.0,1.0,1.0,0.0,0.11201460889713191,0.0,0.0,0.0,0.0
2021-01-29,0.11364227869463253,0.12582920202219458,0.12065151819827066,858.0,1.0,1.0,0.0,0.11201460889713191,0.0,0.0,0.0,0.0
2021-01-30,0.11364227869463253,0.12582920202219458,0.12065151819827066,858.0,0.0,1.0,0.0,0.11201460889713191,0.0,0.0,0.0,0.0
2021-01-31,0.11364227869463253,0.12582920202219458,0.12065151819827066,859.0,1.0,1.0,0.0,0.11201460889713191,0.0,0.0,0.0,0.0
2021-02-01,0.08653730247441206,0.07750258101953511,0.12065151819827066,859.0,0.0,1.0,0.0,0.08899722595696515,0.0,0.0,0.0,0.0
2021-02-02,0.08653730247441206,0.07750258101953511,0.12065151819827066,859.0,0.0,1.0,0.0,0.08899722595696515,0.0,0.0,0.0,0.0
2021-02-03,0.08653730247441206,0.07750258101953511,0.12065151819827066,859.0,0.0,1.0,0.0,0.08899722595696515,0.0,0.0,0.0,0.0
2021-02-04,0.08653730247441206,0.07750258101953511,0.12065151819827066,859.0,0.0,1.0,0.0,0.08899722595696515,0.0,0.0,0.0,0.0
2021-02-05,0.08653730247441206,0.07750258101953511,0.12065151819827066,861.0,2.0,1.0,0.0,0.08899722595696515,0.0,0.0,0.0,0.0
2021-02-06,0.08653730247441206,0.07750258101953511,0.12065151819827066,861.0,0.0,1.0,0.0,0.08899722595696515,0.0,0.0,0.0,0.0
2021-02-07,0.08653730247441206,0.07750258101953511,0.12065151819827066,861.0,0.0,1.0,0.0,0.08899722595696515,0.0,0.0,0.0,0.0
2021-02-08,0.08653730247441206,0.07750258101953511,0.12065151819827066,861.0,0.0,1.0,0.0,0.08899722595696515,0.0,0.0,0.0,0.0
2021-02-09,0.08653730247441206,0.07750258101953511,0.12065151819827066,861.0,0.0,1.0,0.0,0.08899722595696515,0.0,0.0,0.0,0.0
2021-02-10,0.08653730247441206,0.07750258101953511,0.12065151819827066,861.0,0.0,1.0,0.0,0.08899722595696515,0.0,0.0,0.0,0.0
2021-02-11,0.08653730247441206,0.07750258101953511,0.12065151819827066,861.0,0.0,1.0,0.0,0.08899722595696515,0.0,0.0,0.0,0.0
2021-02-12,0.08653730247441206,0.07750258101953511,0.12065151819827066,863.0,2.0,1.0,0.0,0.08899722595696515,0.0,0.0,0.0,0.0
2021-02-13,0.08653730247441206,0.07750258101953511,0.12065151819827066,863.0,0.0,1.0,0.0,0.08899722595696515,0.0,0.0,0.0,0.0
2021-02-14,0.08653730247441206,0.07750258101953511,0.12065151819827066,864.0,1.0,1.0,0.0,0.08899722595696515,0.0,0.0,0.0,0.0
2021-02-15,0.08653730247441206,0.07750258101953511,0.12065151819827066,866.0,2.0,1.0,0.0,0.08899722595696515,0.0,0.0,0.0,0.0
2021-02-16,0.08653730247441206,0.07750258101953511,0.12065151819827066,866.0,0.0,1.0,0.0,0.08899722595696515,0.0,0.0,0.0,0.0
2021-02-17,0.08653730247441206,0.07750258101953511,0.12065151819827066,866.0,0.0,1.0,0.0,0.08899722595696515,0.0,0.0,0.0,0.0
2021-02-18,0.08653730247441206,0.07750258101953511,0.12065151819827066,866.0,0.0,1.0,0.0,0.08899722595696515,0.0,0.0,0.0,0.0
2021-02-19,0.08653730247441206,0.07750258101953511,0.12065151819827066,866.0,0.0,1.0,0.0,0.08899722595696515,0.0,0.0,0.0,0.0
2021-02-20,0.08653730247441206,0.07750258101953511,0.12065151819827066,866.0,0.0,1.0,0.0,0.08899722595696515,0.0,0.0,0.0,0.0
2021-02-21,0.08653730247441206,0.07750258101953511,0.12065151819827066,866.0,0.0,1.0,0.0,0.08899722595696515,0.0,0.0,0.0,0.0
2021-02-22,0.0889687027417976,0.07750258101953511,0.12065151819827066,866.0,0.0,1.0,0.0,0.09107310825676374,0.0,0.0,0.0,0.0
2021-02-23,0.0889687027417976,0.07750258101953511,0.12065151819827066,867.0,1.0,1.0,0.0,0.09107310825676374,0.0,0.0,0.0,0.0
2021-02-24,0.0889687027417976,0.07750258101953511,0.12065151819827066,867.0,0.0,1.0,0.0,0.09107310825676374,0.0,0.0,0.0,0.0
2021-02-25,0.0889687027417976,0.07750258101953511,0.12065151819827066,867.0,0.0,1.0,0.0,0.09107310825676374,0.0,0.0,0.0,0.0
2021-02-26,0.0889687027417976,0.07750258101953511,0.12065151819827066,867.0,0.0,1.0,0.0,0.09107310825676374,0.0,0.0,0.0,0.0
2021-02-27,0.0889687027417976,0.07750258101953511,0.12065151819827066,867.0,0.0,1.0,0.0,0.09107310825676374,0.0,0.0,0.0,0.0
2021-02-28,0.0889687027417976,0.07750258101953511,0.12065151819827066,867.0,0.0,1.0,0.0,0.09107310825676374,0.0,0.0,0.0,0.0
2021-03-01,0.0889687027417976,0.07750258101953511,0.12065151819827066,867.0,0.0,1.0,0.0,0.09107310825676374,0.0,0.0,0.0,0.0
2021-03-02,0.0889687027417976,0.07082504791264994,0.12065151819827066,867.0,0.0,1.0,0.0,0.09107310825676374,0.0,0.0,0.0,0.0
2021-03-03,0.0938657483507572,0.07082504791264994,0.12065151819827066,867.0,0.0,1.0,0.0,0.0952248728563609,0.0,0.0,0.0,0.0
2021-03-04,0.0938657483507572,0.07082504791264994,0.12065151819827066,867.0,0.0,1.0,0.0,0.0952248728563609,0.0,0.0,0.0,0.0
2021-03-05,0.0938657483507572,0.07082504791264994,0.12065151819827066,867.0,0.0,1.0,0.0,0.0952248728563609,0.0,0.0,0.0,0.0
2021-03-06,0.0938657483507572,0.07082504791264994,0.12065151819827066,868.0,1.0,1.0,0.0,0.0952248728563609,0.0,0.0,0.0,0.0
2021-03-07,0.0938657483507572,0.07082504791264994,0.12065151819827066,868.0,0.0,1.0,0.0,0.0952248728563609,0.0,0.0,0.0,0.0
2021-03-08,0.0938657483507572,0.07082504791264994,0.12065151819827066,868.0,0.0,1.0,0.0,0.0952248728563609,0.0,0.0,0.0,0.0
2021-03-09,0.0938657483507572,0.07082504791264994,0.12065151819827066,868.0,0.0,1.0,0.0,0.0952248728563609,0.0,0.0,0.0,0.0
2021-03-10,0.0938657483507572,0.07082504791264994,0.12065151819827066,868.0,0.0,1.0,0.0,0.0952248728563609,0.0,0.0,0.0,0.0
2021-03-11,0.0938657483507572,0.07082504791264994,0.12065151819827066,868.0,0.0,1.0,0.0,0.0952248728563609,0.0,0.0,0.0,0.0
2021-03-12,0.0938657483507572,0.07082504791264994,0.12065151819827066,868.0,0.0,1.0,0.0,0.0952248728563609,0.0,0.0,0.0,0.0
2021-03-13,0.0938657483507572,0.07082504791264994,0.12065151819827066,868.0,0.0,1.0,0.0,0.0952248728563609,0.0,0.0,0.0,0.0
2021-03-14,0.0938657483507572,0.07082504791264994,0.12065151819827066,868.0,0.0,1.0,0.0,0.0952248728563609,0.0,0.0,0.0,0.0
2021-03-15,0.0938657483507572,0.07082504791264994,0.12065151819827066,868.0,0.0,1.0,0.0,0.0952248728563609,0.0,0.0,0.0,0.0
2021-03-16,0.0938657483507572,0.07082504791264994,0.12065151819827066,868.0,0.0,1.0,0.0,0.0952248728563609,0.0,0.0,0.0,0.0
2021-03-17,0.0938657483507572,0.07082504791264994,0.12065151819827066,868.0,0.0,1.0,0.0,0.0952248728563609,0.0,0.0,0.0,0.0
2021-03-18,0.0938657483507572,0.07082504791264994,0.12065151819827066,868.0,0.0,1.0,0.0,0.0952248728563609,0.0,0.0,0.0,0.0
2021-03-19,0.0938657483507572,0.07082504791264994,0.12065151819827066,868.0,0.0,1.0,0.0,0.0952248728563609,0.0,0.0,0.0,0.0
2021-03-20,0.0938657483507572,0.07082504791264994,0.12065151819827066,869.0,1.0,1.0,0.0,0.0952248728563609,0.0,0.0,0.0,0.0
2021-03-21,0.0938657483507572,0.07082504791264994,0.12065151819827066,869.0,0.0,1.0,0.0,0.0952248728563609,0.0,0.0,0.0,0.0
2021-03-22,0.0938657483507572,0.07082504791264994,0.12065151819827066,869.0,0.0,1.0,0.0,0.0952248728563609,0.0,0.0,0.0,0.0
2021-03-23,0.0938657483507572,0.07082504791264994,0.12065151819827066,869.0,0.0,1.0,0.0,0.0952248728563609,0.0,0.0,0.0,0.0
2021-03-24,0.0938657483507572,0.07082504791264994,0.12065151819827066,870.0,1.0,1.0,0.0,0.0952248728563609,0.0,0.0,0.0,0.0
2021-03-25,0.0938657483507572,0.07082504791264994,0.12065151819827066,870.0,0.0,1.0,0.0,0.0952248728563609,0.0,0.0,0.0,0.0
2021-03-26,0.0938657483507572,0.07082504791264994,0.12065151819827066,870.0,0.0,1.0,0.0,0.0952248728563609,0.0,0.0,0.0,0.0
2021-03-27,0.1300456692309378,0.12998691131516085,0.12065151819827066,871.0,1.0,1.0,0.0,0.12593132383498165,85949.0,85949.0,0.0,0.0
2021-03-28,0.1300456692309378,0.12998691131516085,0.12065151819827066,872.0,1.0,1.0,0.0,0.12593132383498165,183271.0,183271.0,0.0,0.0
2021-03-29,0.1300456692309378,0.12998691131516085,0.12065151819827066,872.0,0.0,1.0,0.0,0.12593132383498165,274703.0,274703.0,0.0,0.0
2021-03-30,0.1300456692309378,0.12998691131516085,0.12065151819827066,872.0,0.0,1.0,0.0,0.12593132383498165,340917.0,340917.0,0.0,0.0
2021-03-31,0.1300456692309378,0.12998691131516085,0.12065151819827066,873.0,1.0,1.0,0.0,0.12593132383498165,394765.0,394765.0,0.0,0.0
2021-04-01,0.1300456692309378,0.12998691131516085,0.12065151819827066,886.0,13.0,1.0,0.0,0.12593132383498165,434837.0,434837.0,0.0,0.0
2021-04-02,0.1300456692309378,0.12998691131516085,0.12065151819827066,889.0,3.0,1.0,0.0,0.12593132383498165,453595.0,453595.0,0.0,0.0
2021-04-03,0.1300456692309378,0.12998691131516085,0.12065151819827066,891.0,2.0,1.0,0.0,0.12593132383498165,459752.0,459752.0,0.0,0.0
2021-04-04,0.1300456692309378,0.12998691131516085,0.12065151819827066,891.0,0.0,1.0,0.0,0.12593132383498165,466811.0,466811.0,0.0,0.0
2021-04-05,0.1300456692309378,0.12998691131516085,0.12065151819827066,891.0,0.0,1.0,0.0,0.12593132383498165,468297.0,468297.0,0.0,0.0
2021-04-06,0.1300456692309378,0.12998691131516085,0.12065151819827066,896.0,5.0,1.0,0.0,0.12593132383498165,469664.0,469664.0,0.0,0.0
2021-04-07,0.1300456692309378,0.12998691131516085,0.12065151819827066,900.0,4.0,1.0,0.0,0.12593132383498165,470976.0,470976.0,0.0,0.0
2021-04-08,0.1300456692309378,0.12998691131516085,0.12065151819827066,900.0,0.0,1.0,0.0,0.12593132383498165,472139.0,472139.0,0.0,0.0
2021-04-09,0.1300456692309378,0.12998691131516085,0.12065151819827066,906.0,6.0,1.0,0.0,0.12593132383498165,473393.0,473393.0,0.0,0.0
2021-04-10,0.1300456692309378,0.12998691131516085,0.12065151819827066,910.0,4.0,1.0,0.0,0.12593132383498165,474175.0,474175.0,0.0,0.0
2021-04-11,0.1300456692309378,0.12998691131516085,0.12065151819827066,918.0,8.0,1.0,0.0,0.12593132383498165,474303.0,474303.0,0.0,0.0
2021-04-12,0.12393292348828543,0.11999760976712508,0.12065151819827066,921.0,3.0,1.0,0.0,0.12074992161468434,475651.0,475651.0,0.0,0.0
2021-04-13,0.12393292348828543,0.11999760976712508,0.12065151819827066,927.0,6.0,1.0,0.0,0.12074992161468434,476740.0,476740.0,0.0,0.0
2021-04-14,0.12393292348828543,0.11999760976712508,0.12065151819827066,929.0,2.0,1.0,0.0,0.12074992161468434,477060.0,477060.0,0.0,0.0
2021-04-15,0.12393292348828543,0.11999760976712508,0.12065151819827066,934.0,5.0,1.0,0.0,0.12074992161468434,477631.0,477631.0,0.0,0.0
2021-04-16,0.12393292348828543,0.11999760976712508,0.12065151819827066,941.0,7.0,1.0,0.0,0.12074992161468434,478219.0,478219.0,0.0,0.0
2021-04-17,0.12393292348828543,0.11999760976712508,0.12065151819827066,952.0,11.0,1.0,0.0,0.12074992161468434,478495.0,478495.0,0.0,0.0
2021-04-18,0.12393292348828543,0.11999760976712508,0.12065151819827066,957.0,5.0,1.0,0.0,0.12074992161468434,478533.0,478533.0,0.0,0.0
2021-04-19,0.12393292348828543,0.11999760976712508,0.12065151819827066,961.0,4.0,1.0,0.0,0.12074992161468434,478879.0,478879.0,0.0,0.0
2021-04-20,0.1274944112038924,0.12582920202219458,0.12065151819827066,966.0,5.0,1.0,0.0,0.12377240624319111,479032.0,479032.0,0.0,0.0
2021-04-21,0.1274944112038924,0.12582920202219458,0.12065151819827066,986.0,20.0,1.0,0.0,0.12377240624319111,479333.0,479333.0,0.0,0.0
2021-04-22,0.1274944112038924,0.12582920202219458,0.12065151819827066,992.0,6.0,1.0,0.0,0.12377240624319111,479354.0,479354.0,0.0,0.0
2021-04-23,0.1274944112038924,0.12582920202219458,0.12065151819827066,1008.0,16.0,1.0,0.0,0.12377240624319111,479495.0,479495.0,0.0,0.0
2021-04-24,0.1274944112038924,0.12582920202219458,0.12065151819827066,1018.0,10.0,1.0,0.0,0.12377240624319111,479679.0,479679.0,0.0,0.0
2021-04-25,0.1274944112038924,0.12582920202219458,0.12065151819827066,1022.0,4.0,1.0,0.0,0.12377240624319111,479686.0,479686.0,0.0,0.0
2021-04-26,0.1274944112038924,0.12582920202219458,0.12065151819827066,1026.0,4.0,1.0,0.0,0.12377240624319111,480035.0,480035.0,0.0,0.0
2021-04-27,0.1274944112038924,0.12582920202219458,0.12065151819827066,1053.0,27.0,1.0,0.0,0.12377240624319111,480181.0,480181.0,0.0,0.0
2021-04-28,0.1274944112038924,0.12582920202219458,0.12065151819827066,1059.0,6.0,1.0,0.0,0.12377240624319111,480237.0,480237.0,0.0,0.0
2021-04-29,0.1274944112038924,0.12582920202219458,0.12065151819827066,1066.0,7.0,1.0,0.0,0.12377240624319111,480330.0,480330.0,0.0,0.0
2021-04-30,0.1274944112038924,0.12582920202219458,0.12065151819827066,1074.0,8.0,1.0,0.0,0.12377240624319111,480422.0,480422.0,0.0,0.0
2021-05-01,0.1274944112038924,0.12582920202219458,0.12065151819827066,1106.0,32.0,1.0,0.0,0.12377240624319111,480498.0,480498.0,0.0,0.0
2021-05-02,0.1274944112038924,0.12582920202219458,0.12065151819827066,1111.0,5.0,1.0,0.0,0.12377240624319111,0.0,0.0,0.0,0.0
2021-05-03,0.1274944112038924,0.12582920202219458,0.12065151819827066,1119.0,8.0,1.0,0.0,0.12377240624319111,0.0,0.0,0.0,0.0
2021-05-04,0.1274944112038924,0.12582920202219458,0.12065151819827066,1135.0,16.0,1.0,0.0,0.12377240624319111,480818.0,480818.0,0.0,0.0
2021-05-05,0.1274944112038924,0.12582920202219458,0.12065151819827066,1144.0,9.0,1.0,0.0,0.12377240624319111,480971.0,480971.0,0.0,0.0
2021-05-06,0.1274944112038924,0.12582920202219458,0.12065151819827066,1161.0,17.0,1.0,0.0,0.12377240624319111,481107.0,481107.0,0.0,0.0
2021-05-07,0.1274944112038924,0.12582920202219458,0.12065151819827066,1190.0,29.0,1.0,0.0,0.12377240624319111,481400.0,481400.0,0.0,0.0
2021-05-08,0.1274944112038924,0.12582920202219458,0.12065151819827066,1202.0,12.0,1.0,0.0,0.12377240624319111,481491.0,481491.0,0.0,0.0
2021-05-09,0.1274944112038924,0.12582920202219458,0.12065151819827066,1221.0,19.0,1.0,0.0,0.12377240624319111,0.0,0.0,0.0,0.0
2021-05-10,0.1274944112038924,0.12582920202219458,0.12065151819827066,1241.0,20.0,1.0,0.0,0.12377240624319111,481617.0,481617.0,0.0,0.0
2021-05-11,0.1290354395423762,0.12833102709458555,0.12065151819827066,1247.0,6.0,1.0,0.0,0.12506775679826543,481768.0,481768.0,0.0,0.0
2021-05-12,0.1290354395423762,0.12833102709458555,0.12065151819827066,1257.0,10.0,1.0,0.0,0.12506775679826543,481880.0,481880.0,0.0,0.0
2021-05-13,0.1290354395423762,0.12833102709458555,0.12065151819827066,1263.0,6.0,1.0,0.0,0.12506775679826543,0.0,0.0,0.0,0.0
2021-05-14,0.1290354395423762,0.12833102709458555,0.12065151819827066,1276.0,13.0,1.0,0.0,0.12506775679826543,481953.0,481953.0,0.0,0.0
2021-05-15,0.1290354395423762,0.12833102709458555,0.12065151819827066,1279.0,3.0,1.0,0.0,0.12506775679826543,482038.0,482038.0,0.0,0.0
2021-05-16,0.1290354395423762,0.12833102709458555,0.12065151819827066,1286.0,7.0,1.0,0.0,0.12506775679826543,482039.0,482039.0,0.0,0.0
2021-05-17,0.1290354395423762,0.12833102709458555,0.12065151819827066,1296.0,10.0,1.0,0.0,0.12506775679826543,482128.0,482128.0,0.0,0.0
2021-05-18,0.12597050540250287,0.12332737694980364,0.12065151819827066,1309.0,13.0,1.0,0.0,0.12247705568811679,482192.0,482192.0,0.0,0.0
2021-05-19,0.12597050540250287,0.12332737694980364,0.12065151819827066,1322.0,13.0,1.0,0.0,0.12247705568811679,482214.0,482214.0,0.0,0.0
2021-05-20,0.12597050540250287,0.12332737694980364,0.12065151819827066,1338.0,16.0,1.0,0.0,0.12247705568811679,482308.0,482308.0,0.0,0.0
2021-05-21,0.12597050540250287,0.12332737694980364,0.12065151819827066,1374.0,36.0,1.0,0.0,0.12247705568811679,482449.0,482449.0,0.0,0.0
2021-05-22,0.12597050540250287,0.12332737694980364,0.12065151819827066,1392.0,18.0,1.0,0.0,0.12247705568811679,482512.0,482512.0,0.0,0.0
2021-05-23,0.12597050540250287,0.12332737694980364,0.12065151819827066,1394.0,2.0,1.0,0.0,0.12247705568811679,0.0,0.0,0.0,0.0
2021-05-24,0.12597050540250287,0.12332737694980364,0.12065151819827066,1411.0,17.0,1.0,0.0,0.12247705568811679,482578.0,482578.0,0.0,0.0
2021-05-25,0.12597050540250287,0.12332737694980364,0.12065151819827066,1423.0,12.0,1.0,0.0,0.12247705568811679,482645.0,482645.0,0.0,0.0
2021-05-26,0.12597050540250287,0.12332737694980364,0.12065151819827066,1464.0,41.0,1.0,0.0,0.12247705568811679,482673.0,482673.0,0.0,0.0
2021-05-27,0.12597050540250287,0.12332737694980364,0.12065151819827066,1491.0,27.0,1.0,0.0,0.12247705568811679,482716.0,482716.0,0.0,0.0
2021-05-28,0.12597050540250287,0.12332737694980364,0.12065151819827066,1503.0,12.0,1.0,0.0,0.12247705568811679,0.0,0.0,0.0,0.0
2021-05-29,0.12597050540250287,0.12332737694980364,0.12065151819827066,1603.0,100.0,1.0,0.0,0.12247705568811679,0.0,0.0,0.0,0.0
2021-05-30,0.12597050540250287,0.12332737694980364,0.12065151819827066,1612.0,9.0,1.0,0.0,0.12247705568811679,0.0,0.0,0.0,0.0
2021-05-31,0.12597050540250287,0.12332737694980364,0.12065151819827066,1620.0,8.0,1.0,0.0,0.12247705568811679,0.0,0.0,0.0,0.0
2021-06-01,0.12292269379972384,0.12332737694980364,0.12065151819827066,1632.0,12.0,1.0,0.0,0.11988635457796813,0.0,0.0,0.0,0.0
2021-06-02,0.12292269379972384,0.12332737694980364,0.12065151819827066,1639.0,7.0,1.0,0.0,0.11988635457796813,0.0,0.0,0.0,0.0
2021-06-03,0.12292269379972384,0.12332737694980364,0.12065151819827066,1654.0,15.0,1.0,0.0,0.11988635457796813,0.0,0.0,0.0,0.0
2021-06-04,0.12292269379972384,0.12332737694980364,0.12065151819827066,1669.0,15.0,1.0,0.0,0.11988635457796813,0.0,0.0,0.0,0.0
2021-06-05,0.12292269379972384,0.12332737694980364,0.12065151819827066,1682.0,13.0,1.0,0.0,0.11988635457796813,0.0,0.0,0.0,0.0
2021-06-06,0.12292269379972384,0.12332737694980364,0.12065151819827066,1687.0,5.0,1.0,0.0,0.11988635457796813,0.0,0.0,0.0,0.0
2021-06-07,0.12292269379972384,0.12332737694980364,0.12065151819827066,1703.0,16.0,1.0,0.0,0.11988635457796813,0.0,0.0,0.0,0.0
2021-06-08,0.12292269379972384,0.12332737694980364,0.12065151819827066,1724.0,21.0,1.0,0.0,0.11988635457796813,0.0,0.0,0.0,0.0
2021-06-09,0.12292269379972384,0.12332737694980364,0.12065151819827066,1739.0,15.0,1.0,0.0,0.11988635457796813,0.0,0.0,0.0,0.0
2021-06-10,0.12292269379972384,0.12332737694980364,0.12065151819827066,1769.0,30.0,1.0,0.0,0.11988635457796813,0.0,0.0,0.0,0.0
2021-06-11,0.12292269379972384,0.12332737694980364,0.12065151819827066,1789.0,20.0,1.0,0.0,0.11988635457796813,0.0,0.0,0.0,0.0
2021-06-12,0.12292269379972384,0.12332737694980364,0.12065151819827066,1808.0,19.0,1.0,0.0,0.11988635457796813,0.0,0.0,0.0,0.0
2021-06-13,0.12292269379972384,0.12332737694980364,0.12065151819827066,1813.0,5.0,1.0,0.0,0.11988635457796813,484189.0,484189.0,0.0,0.0
2021-06-14,0.12292269379972384,0.12332737694980364,0.12065151819827066,1826.0,13.0,1.0,0.0,0.11988635457796813,0.0,0.0,0.0,0.0
2021-06-15,0.11934408354702258,0.11749578469473414,0.12065151819827066,1842.0,16.0,1.0,0.0,0.116847262891063,0.0,0.0,0.0,0.0
2021-06-16,0.11934408354702258,0.11749578469473414,0.12065151819827066,1854.0,12.0,1.0,0.0,0.116847262891063,0.0,0.0,0.0,0.0
2021-06-17,0.11934408354702258,0.11749578469473414,0.12065151819827066,1882.0,28.0,1.0,0.0,0.116847262891063,0.0,0.0,0.0,0.0
2021-06-18,0.11934408354702258,0.11749578469473414,0.12065151819827066,1889.0,7.0,1.0,0.0,0.116847262891063,0.0,0.0,0.0,0.0
2021-06-19,0.11934408354702258,0.11749578469473414,0.12065151819827066,1903.0,14.0,1.0,0.0,0.116847262891063,0.0,0.0,0.0,0.0
2021-06-20,0.11934408354702258,0.11749578469473414,0.12065151819827066,1924.0,21.0,1.0,0.0,0.116847262891063,484751.0,484751.0,0.0,0.0
2021-06-21,0.11934408354702258,0.11749578469473414,0.12065151819827066,1939.0,15.0,1.0,0.0,0.116847262891063,0.0,0.0,0.0,0.0
2021-06-22,0.11934408354702258,0.11749578469473414,0.12065151819827066,1963.0,24.0,1.0,0.0,0.116847262891063,0.0,0.0,0.0,0.0
2021-06-23,0.11934408354702258,0.11749578469473414,0.12065151819827066,1970.0,7.0,1.0,0.0,0.116847262891063,0.0,0.0,0.0,0.0
2021-06-24,0.11934408354702258,0.11749578469473414,0.12065151819827066,2006.0,36.0,1.0,0.0,0.116847262891063,0.0,0.0,0.0,0.0
2021-06-25,0.11934408354702258,0.11749578469473414,0.12065151819827066,2013.0,7.0,1.0,0.0,0.116847262891063,0.0,0.0,0.0,0.0
2021-06-26,0.11934408354702258,0.11749578469473414,0.12065151819827066,2027.0,14.0,1.0,0.0,0.116847262891063,0.0,0.0,0.0,0.0
2021-06-27,0.11934408354702258,0.11749578469473414,0.12065151819827066,2052.0,25.0,1.0,0.0,0.116847262891063,0.0,0.0,0.0,0.0
2021-06-28,0.11934408354702258,0.11749578469473414,0.12065151819827066,2062.0,10.0,1.0,0.0,0.116847262891063,0.0,0.0,0.0,0.0
2021-06-29,0.11934408354702258,0.11749578469473414,0.12065151819827066,2076.0,14.0,1.0,0.0,0.116847262891063,0.0,0.0,0.0,0.0
2021-06-30,0.11730650163280512,0.11416601751205555,0.12065151819827066,2100.0,24.0,1.0,0.0,0.11512012881763056,0.0,0.0,0.0,0.0
2021-07-01,0.11730650163280512,0.11416601751205555,0.12065151819827066,2104.0,4.0,1.0,0.0,0.11512012881763056,0.0,0.0,0.0,0.0
2021-07-02,0.11730650163280512,0.11416601751205555,0.12065151819827066,2122.0,18.0,1.0,0.0,0.11512012881763056,0.0,0.0,0.0,0.0
2021-07-03,0.11730650163280512,0.11416601751205555,0.12065151819827066,2133.0,11.0,1.0,0.0,0.11512012881763056,0.0,0.0,0.0,0.0
2021-07-04,0.11730650163280512,0.11416601751205555,0.12065151819827066,2159.0,26.0,1.0,0.0,0.11512012881763056,0.0,0.0,0.0,0.0
2021-07-05,0.11730650163280512,0.11416601751205555,0.12065151819827066,2169.0,10.0,1.0,0.0,0.11512012881763056,486126.0,484820.0,1306.0,0.0
2021-07-06,0.11730650163280512,0.11416601751205555,0.12065151819827066,2210.0,41.0,1.0,0.0,0.11512012881763056,0.0,0.0,0.0,0.0
2021-07-07,0.11730650163280512,0.11416601751205555,0.12065151819827066,2249.0,39.0,1.0,0.0,0.11512012881763056,0.0,0.0,0.0,0.0
2021-07-08,0.11730650163280512,0.11416601751205555,0.12065151819827066,2252.0,3.0,1.0,0.0,0.11512012881763056,0.0,0.0,0.0,0.0
2021-07-09,0.11730650163280512,0.11416601751205555,0.12065151819827066,2258.0,6.0,1.0,0.0,0.11512012881763056,0.0,0.0,0.0,0.0
2021-07-10,0.11730650163280512,0.11416601751205555,0.12065151819827066,2266.0,8.0,1.0,0.0,0.11512012881763056,0.0,0.0,0.0,0.0
2021-07-11,0.11730650163280512,0.11416601751205555,0.12065151819827066,2275.0,9.0,1.0,0.0,0.11512012881763056,0.0,0.0,0.0,0.0
2021-07-12,0.11730650163280512,0.11416601751205555,0.12065151819827066,2290.0,15.0,1.0,0.0,0.11512012881763056,487060.0,485497.0,1563.0,0.0
2021-07-13,0.11730650163280512,0.11416601751205555,0.12065151819827066,2324.0,34.0,1.0,0.0,0.11512012881763056,0.0,0.0,0.0,0.0
2021-07-14,0.11730650163280512,0.11416601751205555,0.12065151819827066,2370.0,46.0,1.0,0.0,0.11512012881763056,0.0,0.0,0.0,0.0
2021-07-15,0.11730650163280512,0.11416601751205555,0.12065151819827066,2380.0,10.0,2.0,1.0,0.11512012881763056,0.0,0.0,0.0,0.0
2021-07-16,0.11730650163280512,0.11416601751205555,0.12065151819827066,2398.0,18.0,2.0,0.0,0.11512012881763056,0.0,0.0,0.0,0.0
2021-07-17,0.11730650163280512,0.11416601751205555,0.12065151819827066,2411.0,13.0,2.0,0.0,0.11512012881763056,0.0,0.0,0.0,0.0
2021-07-18,0.11730650163280512,0.11416601751205555,0.12065151819827066,2421.0,10.0,2.0,0.0,0.11512012881763056,488872.0,486242.0,2630.0,0.0
2021-07-19,0.11730650163280512,0.11416601751205555,0.12065151819827066,2427.0,6.0,2.0,0.0,0.11512012881763056,0.0,0.0,0.0,0.0
2021-07-20,0.11567986060885001,0.10748848440517039,0.12065151819827066,2455.0,28.0,2.0,0.0,0.11374174297056432,585598.0,486242.0,99356.0,0.0
2021-07-21,0.11567986060885001,0.10748848440517039,0.12065151819827066,2456.0,1.0,2.0,0.0,0.11374174297056432,680830.0,486242.0,194588.0,0.0
2021-07-22,0.11567986060885001,0.10748848440517039,0.12065151819827066,2458.0,2.0,2.0,0.0,0.11374174297056432,768478.0,486242.0,282236.0,0.0
2021-07-23,0.11567986060885001,0.10748848440517039,0.12065151819827066,2470.0,12.0,2.0,0.0,0.11374174297056432,835569.0,486242.0,349327.0,0.0
2021-07-24,0.11567986060885001,0.10748848440517039,0.12065151819827066,2482.0,12.0,2.0,0.0,0.11374174297056432,886381.0,486242.0,400139.0,0.0
2021-07-25,0.11567986060885001,0.10748848440517039,0.12065151819827066,2486.0,4.0,2.0,0.0,0.11374174297056432,917996.0,486242.0,431754.0,0.0
2021-07-26,0.11567986060885001,0.10748848440517039,0.12065151819827066,2489.0,3.0,2.0,0.0,0.11374174297056432,940428.0,486242.0,454186.0,0.0
2021-07-27,0.11567986060885001,0.10748848440517039,0.12065151819827066,2500.0,11.0,2.0,0.0,0.11374174297056432,944492.0,486242.0,458250.0,0.0
2021-07-28,0.11567986060885001,0.10748848440517039,0.12065151819827066,2501.0,1.0,2.0,0.0,0.11374174297056432,946463.0,486242.0,460221.0,0.0
2021-07-29,0.11567986060885001,0.10748848440517039,0.12065151819827066,2506.0,5.0,2.0,0.0,0.11374174297056432,962430.0,0.0,0.0,0.0
2021-07-30,0.11567986060885001,0.10748848440517039,0.12065151819827066,2508.0,2.0,2.0,0.0,0.11374174297056432,963360.0,0.0,0.0,0.0
2021-07-31,0.11567986060885001,0.10748848440517039,0.12065151819827066,2515.0,7.0,2.0,0.0,0.11374174297056432,0.0,0.0,0.0,0.0
2021-08-01,0.11567986060885001,0.10748848440517039,0.12065151819827066,2518.0,3.0,2.0,0.0,0.11374174297056432,1007951.0,534468.0,473483.0,0.0
2021-08-02,0.11567986060885001,0.10748848440517039,0.12065151819827066,2524.0,6.0,2.0,0.0,0.11374174297056432,1008183.0,534468.0,473715.0,0.0
2021-08-03,0.11567986060885001,0.10748848440517039,0.12065151819827066,2532.0,8.0,2.0,0.0,0.11374174297056432,1008515.0,534468.0,474047.0,0.0
2021-08-04,0.11567986060885001,0.10748848440517039,0.12065151819827066,2540.0,8.0,2.0,0.0,0.11374174297056432,1009225.0,0.0,0.0,0.0
2021-08-05,0.11567986060885001,0.10748848440517039,0.12065151819827066,2543.0,3.0,2.0,0.0,0.11374174297056432,1009677.0,0.0,0.0,0.0
2021-08-06,0.11567986060885001,0.10748848440517039,0.12065151819827066,2544.0,1.0,2.0,0.0,0.11374174297056432,1010091.0,0.0,0.0,0.0
2021-08-07,0.11567986060885001,0.10748848440517039,0.12065151819827066,2544.0,0.0,2.0,0.0,0.11374174297056432,0.0,0.0,0.0,0.0
2021-08-08,0.11567986060885001,0.10748848440517039,0.12065151819827066,2544.0,0.0,2.0,0.0,0.11374174297056432,0.0,0.0,0.0,0.0
2021-08-09,0.11567986060885001,0.10748848440517039,0.12065151819827066,2546.0,2.0,2.0,0.0,0.11374174297056432,1010129.0,0.0,0.0,0.0
2021-08-10,0.12944638043263854,0.12998691131516085,0.12065151819827066,2550.0,4.0,2.0,0.0,0.12541650502463159,0.0,0.0,0.0,0.0
2021-08-11,0.12944638043263854,0.12998691131516085,0.12065151819827066,2551.0,1.0,2.0,0.0,0.12541650502463159,0.0,0.0,0.0,0.0
2021-08-12,0.12944638043263854,0.12998691131516085,0.12065151819827066,2553.0,2.0,3.0,1.0,0.12541650502463159,0.0,0.0,0.0,0.0
2021-08-13,0.12944638043263854,0.12998691131516085,0.12065151819827066,2566.0,13.0,3.0,0.0,0.12541650502463159,0.0,0.0,0.0,0.0
2021-08-14,0.12944638043263854,0.12998691131516085,0.12065151819827066,2570.0,4.0,3.0,0.0,0.12541650502463159,0.0,0.0,0.0,0.0
2021-08-15,0.12944638043263854,0.12998691131516085,0.12065151819827066,2571.0,1.0,3.0,0.0,0.12541650502463159,1035510.0,560963.0,474547.0,0.0
2021-08-16,0.12944638043263854,0.12998691131516085,0.12065151819827066,2577.0,6.0,3.0,0.0,0.12541650502463159,0.0,0.0,0.0,0.0
2021-08-17,0.12944638043263854,0.12998691131516085,0.12065151819827066,2577.0,0.0,3.0,0.0,0.12541650502463159,0.0,0.0,0.0,0.0
2021-08-18,0.12944638043263854,0.12998691131516085,0.12065151819827066,2577.0,0.0,3.0,0.0,0.12541650502463159,0.0,0.0,0.0,0.0
2021-08-19,0.12944638043263854,0.12998691131516085,0.12065151819827066,2580.0,3.0,3.0,0.0,0.12541650502463159,0.0,0.0,0.0,0.0
2021-08-20,0.12944638043263854,0.12998691131516085,0.12065151819827066,2580.0,0.0,3.0,0.0,0.12541650502463159,0.0,0.0,0.0,0.0
2021-08-21,0.12944638043263854,0.12998691131516085,0.12065151819827066,2585.0,5.0,3.0,0.0,0.12541650502463159,0.0,0.0,0.0,0.0
2021-08-22,0.12944638043263854,0.12998691131516085,0.12065151819827066,2585.0,0.0,3.0,0.0,0.12541650502463159,1036834.0,561411.0,475423.0,0.0
2021-08-23,0.12944638043263854,0.12998691131516085,0.12065151819827066,2585.0,0.0,3.0,0.0,0.12541650502463159,0.0,0.0,0.0,0.0
2021-08-24,0.12944638043263854,0.12998691131516085,0.12065151819827066,2591.0,6.0,3.0,0.0,0.12541650502463159,0.0,0.0,0.0,0.0
2021-08-25,0.12944638043263854,0.12998691131516085,0.12065151819827066,2591.0,0.0,3.0,0.0,0.12541650502463159,0.0,0.0,0.0,0.0
2021-08-26,0.12944638043263854,0.12998691131516085,0.12065151819827066,2591.0,0.0,3.0,0.0,0.12541650502463159,0.0,0.0,0.0,0.0
2021-08-27,0.12944638043263854,0.12998691131516085,0.12065151819827066,2592.0,1.0,3.0,0.0,0.12541650502463159,0.0,0.0,0.0,0.0
2021-08-28,0.12944638043263854,0.12998691131516085,0.12065151819827066,2594.0,2.0,3.0,0.0,0.12541650502463159,0.0,0.0,0.0,0.0
2021-08-29,0.12944638043263854,0.12998691131516085,0.12065151819827066,2594.0,0.0,3.0,0.0,0.12541650502463159,0.0,0.0,0.0,0.0
2021-08-30,0.12944638043263854,0.12998691131516085,0.12065151819827066,2595.0,1.0,3.0,0.0,0.12541650502463159,1045074.0,567143.0,477931.0,0.0
2021-08-31,0.11924134832445699,0.11332007666023992,0.12065151819827066,2596.0,1.0,3.0,0.0,0.11676422759907107,0.0,0.0,0.0,0.0
2021-09-01,0.11924134832445699,0.11332007666023992,0.12065151819827066,2596.0,0.0,3.0,0.0,0.11676422759907107,0.0,0.0,0.0,0.0
2021-09-02,0.11924134832445699,0.11332007666023992,0.12065151819827066,2596.0,0.0,3.0,0.0,0.11676422759907107,0.0,0.0,0.0,0.0
2021-09-03,0.11924134832445699,0.11332007666023992,0.12065151819827066,2596.0,0.0,3.0,0.0,0.11676422759907107,0.0,0.0,0.0,0.0
2021-09-04,0.11924134832445699,0.11332007666023992,0.12065151819827066,2596.0,0.0,3.0,0.0,0.11676422759907107,0.0,0.0,0.0,0.0
2021-09-05,0.11924134832445699,0.11332007666023992,0.12065151819827066,2596.0,0.0,3.0,0.0,0.11676422759907107,1045228.0,567175.0,478053.0,0.0
2021-09-06,0.11924134832445699,0.11332007666023992,0.12065151819827066,2596.0,0.0,3.0,0.0,0.11676422759907107,0.0,0.0,0.0,0.0
2021-09-07,0.11924134832445699,0.11332007666023992,0.12065151819827066,2596.0,0.0,3.0,0.0,0.11676422759907107,0.0,0.0,0.0,0.0
2021-09-08,0.11924134832445699,0.11332007666023992,0.12065151819827066,2596.0,0.0,3.0,0.0,0.11676422759907107,0.0,0.0,0.0,0.0
2021-09-09,0.11924134832445699,0.11332007666023992,0.12065151819827066,2596.0,0.0,3.0,0.0,0.11676422759907107,0.0,0.0,0.0,0.0
2021-09-10,0.11924134832445699,0.11332007666023992,0.12065151819827066,2596.0,0.0,3.0,0.0,0.11676422759907107,0.0,0.0,0.0,0.0
2021-09-11,0.11924134832445699,0.11332007666023992,0.12065151819827066,2596.0,0.0,3.0,0.0,0.11676422759907107,0.0,0.0,0.0,0.0
2021-09-12,0.11924134832445699,0.11332007666023992,0.12065151819827066,2596.0,0.0,3.0,0.0,0.11676422759907107,1046117.0,567220.0,478897.0,0.0
2021-09-13,0.11924134832445699,0.11332007666023992,0.12065151819827066,2596.0,0.0,3.0,0.0,0.11676422759907107,0.0,0.0,0.0,0.0
2021-09-14,0.11924134832445699,0.11332007666023992,0.12065151819827066,2596.0,0.0,3.0,0.0,0.11676422759907107,0.0,0.0,0.0,0.0
2021-09-15,0.11924134832445699,0.11332007666023992,0.12065151819827066,2596.0,0.0,3.0,0.0,0.11676422759907107,0.0,0.0,0.0,0.0
2021-09-16,0.11924134832445699,0.11332007666023992,0.12065151819827066,2596.0,0.0,3.0,0.0,0.11676422759907107,0.0,0.0,0.0,0.0
2021-09-17,0.11924134832445699,0.11332007666023992,0.12065151819827066,2596.0,0.0,3.0,0.0,0.11676422759907107,0.0,0.0,0.0,0.0
2021-09-18,0.11924134832445699,0.11332007666023992,0.12065151819827066,2597.0,1.0,3.0,0.0,0.11676422759907107,0.0,0.0,0.0,0.0
2021-09-19,0.11924134832445699,0.11332007666023992,0.12065151819827066,2597.0,0.0,3.0,0.0,0.11676422759907107,1068414.0,574135.0,494279.0,0.0
2021-09-20,0.11924134832445699,0.11332007666023992,0.12065151819827066,2597.0,0.0,3.0,0.0,0.11676422759907107,0.0,0.0,0.0,0.0
2021-09-21,0.11924134832445699,0.11332007666023992,0.12065151819827066,2599.0,2.0,3.0,0.0,0.11676422759907107,0.0,0.0,0.0,0.0
2021-09-22,0.11924134832445699,0.11332007666023992,0.12065151819827066,2599.0,0.0,3.0,0.0,0.11676422759907107,0.0,0.0,0.0,0.0
2021-09-23,0.11924134832445699,0.11332007666023992,0.12065151819827066,2599.0,0.0,3.0,0.0,0.11676422759907107,0.0,0.0,0.0,0.0
2021-09-24,0.11924134832445699,0.11332007666023992,0.12065151819827066,2599.0,0.0,3.0,0.0,0.11676422759907107,0.0,0.0,0.0,0.0
2021-09-25,0.11924134832445699,0.11332007666023992,0.12065151819827066,2599.0,0.0,3.0,0.0,0.11676422759907107,0.0,0.0,0.0,0.0
2021-09-26,0.11924134832445699,0.11332007666023992,0.12065151819827066,2599.0,0.0,3.0,0.0,0.11676422759907107,1081086.0,584605.0,496481.0,0.0
2021-09-27,0.11924134832445699,0.11332007666023992,0.12065151819827066,2599.0,0.0,3.0,0.0,0.11676422759907107,0.0,0.0,0.0,0.0
2021-09-28,0.11720376641023954,0.10999030947756133,0.12065151819827066,2600.0,1.0,3.0,0.0,0.11503709352563864,0.0,0.0,0.0,0.0
2021-09-29,0.11720376641023954,0.10999030947756133,0.12065151819827066,2601.0,1.0,3.0,0.0,0.11503709352563864,0.0,0.0,0.0,0.0
2021-09-30,0.11720376641023954,0.10999030947756133,0.12065151819827066,2601.0,0.0,3.0,0.0,0.11503709352563864,0.0,0.0,0.0,0.0
2021-10-01,0.11720376641023954,0.10999030947756133,0.12065151819827066,2601.0,0.0,3.0,0.0,0.11503709352563864,0.0,0.0,0.0,0.0
2021-10-02,0.11720376641023954,0.10999030947756133,0.12065151819827066,2601.0,0.0,3.0,0.0,0.11503709352563864,0.0,0.0,0.0,0.0
2021-10-03,0.11720376641023954,0.10999030947756133,0.12065151819827066,2608.0,7.0,3.0,0.0,0.11503709352563864,1083271.0,584977.0,498294.0,0.0
2021-10-04,0.11720376641023954,0.10999030947756133,0.12065151819827066,2608.0,0.0,3.0,0.0,0.11503709352563864,0.0,0.0,0.0,0.0
2021-10-05,0.11720376641023954,0.10999030947756133,0.12065151819827066,2613.0,5.0,3.0,0.0,0.11503709352563864,0.0,0.0,0.0,0.0
2021-10-06,0.11720376641023954,0.10999030947756133,0.12065151819827066,2613.0,0.0,3.0,0.0,0.11503709352563864,0.0,0.0,0.0,0.0
2021-10-07,0.11720376641023954,0.10999030947756133,0.12065151819827066,2613.0,0.0,3.0,0.0,0.11503709352563864,0.0,0.0,0.0,0.0
2021-10-08,0.11720376641023954,0.10999030947756133,0.12065151819827066,2613.0,0.0,3.0,0.0,0.11503709352563864,0.0,0.0,0.0,0.0
2021-10-09,0.11720376641023954,0.10999030947756133,0.12065151819827066,2613.0,0.0,3.0,0.0,0.11503709352563864,0.0,0.0,0.0,0.0
2021-10-10,0.11720376641023954,0.10999030947756133,0.12065151819827066,2613.0,0.0,3.0,0.0,0.11503709352563864,1087753.0,585479.0,502274.0,0.0
2021-10-11,0.11720376641023954,0.10999030947756133,0.12065151819827066,2613.0,0.0,3.0,0.0,0.11503709352563864,0.0,0.0,0.0,0.0
2021-10-12,0.11720376641023954,0.10999030947756133,0.12065151819827066,2613.0,0.0,3.0,0.0,0.11503709352563864,0.0,0.0,0.0,0.0
2021-10-13,0.11720376641023954,0.10999030947756133,0.12065151819827066,2615.0,2.0,3.0,0.0,0.11503709352563864,0.0,0.0,0.0,0.0
2021-10-14,0.11720376641023954,0.10999030947756133,0.12065151819827066,2616.0,1.0,3.0,0.0,0.11503709352563864,0.0,0.0,0.0,0.0
2021-10-15,0.11720376641023954,0.10999030947756133,0.12065151819827066,2617.0,1.0,3.0,0.0,0.11503709352563864,0.0,0.0,0.0,0.0
2021-10-16,0.11720376641023954,0.10999030947756133,0.12065151819827066,2617.0,0.0,3.0,0.0,0.11503709352563864,0.0,0.0,0.0,0.0
2021-10-17,0.11720376641023954,0.10999030947756133,0.12065151819827066,2617.0,0.0,3.0,0.0,0.11503709352563864,0.0,0.0,0.0,0.0
2021-10-18,0.11720376641023954,0.10999030947756133,0.12065151819827066,2617.0,0.0,3.0,0.0,0.11503709352563864,1103506.0,585993.0,517513.0,0.0
2021-10-19,0.11720376641023954,0.10999030947756133,0.12065151819827066,2617.0,0.0,3.0,0.0,0.11503709352563864,0.0,0.0,0.0,0.0
2021-10-20,0.11720376641023954,0.10999030947756133,0.12065151819827066,2617.0,0.0,3.0,0.0,0.11503709352563864,0.0,0.0,0.0,0.0
2021-10-21,0.11720376641023954,0.10999030947756133,0.12065151819827066,2617.0,0.0,3.0,0.0,0.11503709352563864,0.0,0.0,0.0,0.0
2021-10-22,0.11720376641023954,0.10999030947756133,0.12065151819827066,2617.0,0.0,3.0,0.0,0.11503709352563864,0.0,0.0,0.0,0.0
2021-10-23,0.11720376641023954,0.10999030947756133,0.12065151819827066,2617.0,0.0,3.0,0.0,0.11503709352563864,0.0,0.0,0.0,0.0
2021-10-24,0.11720376641023954,0.10999030947756133,0.12065151819827066,2617.0,0.0,3.0,0.0,0.11503709352563864,1104456.0,586321.0,518135.0,0.0
2021-10-25,0.11720376641023954,0.10999030947756133,0.12065151819827066,2617.0,0.0,3.0,0.0,0.11503709352563864,0.0,0.0,0.0,0.0
2021-10-26,0.10191334078506145,0.08499005749517993,0.12065151819827066,2617.0,0.0,3.0,0.0,0.10206698091649706,0.0,0.0,0.0,0.0
2021-10-27,0.10191334078506145,0.08499005749517993,0.12065151819827066,2620.0,3.0,3.0,0.0,0.10206698091649706,0.0,0.0,0.0,0.0
2021-10-28,0.10191334078506145,0.08499005749517993,0.12065151819827066,2621.0,1.0,3.0,0.0,0.10206698091649706,0.0,0.0,0.0,0.0
2021-10-29,0.10191334078506145,0.08499005749517993,0.12065151819827066,2621.0,0.0,3.0,0.0,0.10206698091649706,0.0,0.0,0.0,0.0
2021-10-30,0.10191334078506145,0.08499005749517993,0.12065151819827066,2621.0,0.0,3.0,0.0,0.10206698091649706,0.0,0.0,0.0,0.0
2021-10-31,0.10191334078506145,0.08499005749517993,0.12065151819827066,2621.0,0.0,3.0,0.0,0.10206698091649706,1148146.0,588307.0,559839.0,0.0
2021-11-01,0.10191334078506145,0.08499005749517993,0.12065151819827066,2621.0,0.0,3.0,0.0,0.10206698091649706,0.0,0.0,0.0,0.0
2021-11-02,0.10191334078506145,0.08499005749517993,0.12065151819827066,2621.0,0.0,3.0,0.0,0.10206698091649706,0.0,0.0,0.0,0.0
2021-11-03,0.10191334078506145,0.08499005749517993,0.12065151819827066,2622.0,1.0,3.0,0.0,0.10206698091649706,0.0,0.0,0.0,0.0
2021-11-04,0.10191334078506145,0.08499005749517993,0.12065151819827066,2622.0,0.0,3.0,0.0,0.10206698091649706,0.0,0.0,0.0,0.0
2021-11-05,0.10191334078506145,0.08499005749517993,0.12065151819827066,2623.0,1.0,3.0,0.0,0.10206698091649706,0.0,0.0,0.0,0.0
2021-11-06,0.10191334078506145,0.08499005749517993,0.12065151819827066,2623.0,0.0,3.0,0.0,0.10206698091649706,0.0,0.0,0.0,0.0
2021-11-07,0.10191334078506145,0.08499005749517993,0.12065151819827066,2623.0,0.0,3.0,0.0,0.10206698091649706,0.0,0.0,0.0,0.0
2021-11-08,0.10191334078506145,0.08499005749517993,0.12065151819827066,2623.0,0.0,3.0,0.0,0.10206698091649706,0.0,0.0,0.0,0.0
2021-11-09,0.10191334078506145,0.08499005749517993,0.12065151819827066,2623.0,0.0,3.0,0.0,0.10206698091649706,0.0,0.0,0.0,0.0
2021-11-10,0.10191334078506145,0.08499005749517993,0.12065151819827066,2623.0,0.0,3.0,0.0,0.10206698091649706,0.0,0.0,0.0,0.0
2021-11-11,0.10191334078506145,0.08499005749517993,0.12065151819827066,2623.0,0.0,3.0,0.0,0.10206698091649706,0.0,0.0,0.0,0.0
2021-11-12,0.10497827492493479,0.08499005749517993,0.12065151819827066,2623.0,0.0,3.0,0.0,0.1046576820266457,0.0,0.0,0.0,0.0
2021-11-13,0.10497827492493479,0.08499005749517993,0.12065151819827066,2625.0,2.0,3.0,0.0,0.1046576820266457,0.0,0.0,0.0,0.0
2021-11-14,0.10497827492493479,0.08499005749517993,0.12065151819827066,2625.0,0.0,3.0,0.0,0.1046576820266457,0.0,0.0,0.0,0.0
2021-11-15,0.10497827492493479,0.08499005749517993,0.12065151819827066,2625.0,0.0,3.0,0.0,0.1046576820266457,0.0,0.0,0.0,0.0
2021-11-16,0.10497827492493479,0.08499005749517993,0.12065151819827066,2625.0,0.0,3.0,0.0,0.1046576820266457,0.0,0.0,0.0,0.0
2021-11-17,0.10497827492493479,0.08499005749517993,0.12065151819827066,2629.0,4.0,3.0,0.0,0.1046576820266457,0.0,0.0,0.0,0.0
2021-11-18,0.10497827492493479,0.08499005749517993,0.12065151819827066,2629.0,0.0,3.0,0.0,0.1046576820266457,0.0,0.0,0.0,0.0
2021-11-19,0.10497827492493479,0.08499005749517993,0.12065151819827066,2632.0,3.0,3.0,0.0,0.1046576820266457,0.0,0.0,0.0,0.0
2021-11-20,0.10497827492493479,0.08499005749517993,0.12065151819827066,2632.0,0.0,3.0,0.0,0.1046576820266457,0.0,0.0,0.0,0.0
2021-11-21,0.10497827492493479,0.08499005749517993,0.12065151819827066,2632.0,0.0,3.0,0.0,0.1046576820266457,1153283.0,589141.0,564142.0,0.0
2021-11-22,0.10497827492493479,0.08499005749517993,0.12065151819827066,2632.0,0.0,3.0,0.0,0.1046576820266457,0.0,0.0,0.0,0.0
2021-11-23,0.1116046967804151,0.09582529989503133,0.12065151819827066,2633.0,1.0,3.0,0.0,0.11028747482369947,0.0,0.0,0.0,0.0
2021-11-24,0.1116046967804151,0.09582529989503133,0.12065151819827066,2633.0,0.0,3.0,0.0,0.11028747482369947,0.0,0.0,0.0,0.0
2021-11-25,0.1116046967804151,0.09582529989503133,0.12065151819827066,2633.0,0.0,3.0,0.0,0.11028747482369947,0.0,0.0,0.0,0.0
2021-11-26,0.1116046967804151,0.09582529989503133,0.12065151819827066,2634.0,1.0,3.0,0.0,0.11028747482369947,0.0,0.0,0.0,0.0
2021-11-27,0.1116046967804151,0.09582529989503133,0.12065151819827066,2636.0,2.0,3.0,0.0,0.11028747482369947,0.0,0.0,0.0,0.0
2021-11-28,0.1116046967804151,0.09582529989503133,0.12065151819827066,2640.0,4.0,3.0,0.0,0.11028747482369947,1153555.0,589215.0,564340.0,0.0
2021-11-29,0.1116046967804151,0.09582529989503133,0.12065151819827066,2640.0,0.0,3.0,0.0,0.11028747482369947,0.0,0.0,0.0,0.0
2021-11-30,0.1116046967804151,0.09582529989503133,0.12065151819827066,2640.0,0.0,3.0,0.0,0.11028747482369947,0.0,0.0,0.0,0.0
2021-12-01,0.1116046967804151,0.09582529989503133,0.12065151819827066,2640.0,0.0,3.0,0.0,0.11028747482369947,0.0,0.0,0.0,0.0
2021-12-02,0.1116046967804151,0.09582529989503133,0.12065151819827066,2640.0,0.0,3.0,0.0,0.11028747482369947,0.0,0.0,0.0,0.0
2021-12-03,0.1116046967804151,0.09582529989503133,0.12065151819827066,2640.0,0.0,3.0,0.0,0.11028747482369947,0.0,0.0,0.0,0.0
2021-12-04,0.1116046967804151,0.09582529989503133,0.12065151819827066,2641.0,1.0,3.0,0.0,0.11028747482369947,0.0,0.0,0.0,0.0
2021-12-05,0.1116046967804151,0.09582529989503133,0.12065151819827066,2641.0,0.0,3.0,0.0,0.11028747482369947,1154093.0,589482.0,564611.0,0.0
2021-12-06,0.1116046967804151,0.09582529989503133,0.12065151819827066,2641.0,0.0,3.0,0.0,0.11028747482369947,0.0,0.0,0.0,0.0
2021-12-07,0.1116046967804151,0.09582529989503133,0.12065151819827066,2641.0,0.0,3.0,0.0,0.11028747482369947,0.0,0.0,0.0,0.0
2021-12-08,0.1116046967804151,0.09582529989503133,0.12065151819827066,2642.0,1.0,3.0,0.0,0.11028747482369947,0.0,0.0,0.0,0.0
2021-12-09,0.10701585683915223,0.08831982467785851,0.12065151819827066,2648.0,6.0,3.0,0.0,0.1063848161000781,0.0,0.0,0.0,0.0
2021-12-10,0.10701585683915223,0.08831982467785851,0.12065151819827066,2649.0,1.0,3.0,0.0,0.1063848161000781,0.0,0.0,0.0,0.0
2021-12-11,0.10701585683915223,0.08831982467785851,0.12065151819827066,2649.0,0.0,3.0,0.0,0.1063848161000781,0.0,0.0,0.0,0.0
2021-12-12,0.10701585683915223,0.08831982467785851,0.12065151819827066,2649.0,0.0,3.0,0.0,0.1063848161000781,0.0,0.0,0.0,0.0
2021-12-13,0.10701585683915223,0.08831982467785851,0.12065151819827066,2649.0,0.0,3.0,0.0,0.1063848161000781,0.0,0.0,0.0,0.0
2021-12-14,0.10701585683915223,0.08831982467785851,0.12065151819827066,2649.0,0.0,3.0,0.0,0.1063848161000781,0.0,0.0,0.0,0.0
2021-12-15,0.10701585683915223,0.08831982467785851,0.12065151819827066,2652.0,3.0,3.0,0.0,0.1063848161000781,0.0,0.0,0.0,0.0
2021-12-16,0.10701585683915223,0.08831982467785851,0.12065151819827066,2652.0,0.0,3.0,0.0,0.1063848161000781,0.0,0.0,0.0,0.0
2021-12-17,0.10701585683915223,0.08831982467785851,0.12065151819827066,2656.0,4.0,3.0,0.0,0.1063848161000781,0.0,0.0,0.0,0.0
2021-12-18,0.10701585683915223,0.08831982467785851,0.12065151819827066,2656.0,0.0,3.0,0.0,0.1063848161000781,0.0,0.0,0.0,0.0
2021-12-19,0.10701585683915223,0.08831982467785851,0.12065151819827066,2657.0,1.0,3.0,0.0,0.1063848161000781,0.0,0.0,0.0,0.0
2021-12-20,0.10701585683915223,0.08831982467785851,0.12065151819827066,2657.0,0.0,3.0,0.0,0.1063848161000781,1154843.0,589762.0,565081.0,0.0
2021-12-21,0.10395092269927893,0.08831982467785851,0.10054293183189224,2658.0,1.0,3.0,0.0,0.10120341387978082,0.0,0.0,0.0,0.0
2021-12-22,0.10395092269927893,0.08831982467785851,0.10054293183189224,2659.0,1.0,3.0,0.0,0.10120341387978082,0.0,0.0,0.0,0.0
2021-12-23,0.10395092269927893,0.08831982467785851,0.10054293183189224,2659.0,0.0,3.0,0.0,0.10120341387978082,0.0,0.0,0.0,0.0
2021-12-24,0.10395092269927893,0.08831982467785851,0.10054293183189224,2659.0,0.0,3.0,0.0,0.10120341387978082,0.0,0.0,0.0,0.0
2021-12-25,0.10395092269927893,0.08831982467785851,0.10054293183189224,2659.0,0.0,3.0,0.0,0.10120341387978082,0.0,0.0,0.0,0.0
2021-12-26,0.10395092269927893,0.08831982467785851,0.10054293183189224,2660.0,1.0,3.0,0.0,0.10120341387978082,0.0,0.0,0.0,0.0
2021-12-27,0.10395092269927893,0.08831982467785851,0.10054293183189224,2660.0,0.0,3.0,0.0,0.10120341387978082,0.0,0.0,0.0,0.0
2021-12-28,0.10395092269927893,0.08831982467785851,0.10054293183189224,2660.0,0.0,3.0,0.0,0.10120341387978082,0.0,0.0,0.0,0.0
2021-12-29,0.10395092269927893,0.08831982467785851,0.10054293183189224,2660.0,0.0,3.0,0.0,0.10120341387978082,0.0,0.0,0.0,0.0
2021-12-30,0.10395092269927893,0.08831982467785851,0.10054293183189224,2660.0,0.0,3.0,0.0,0.10120341387978082,0.0,0.0,0.0,0.0
2021-12-31,0.10395092269927893,0.08831982467785851,0.10054293183189224,2660.0,0.0,3.0,0.0,0.10120341387978082,0.0,0.0,0.0,0.0
2022-01-01,0.10395092269927893,0.08831982467785851,0.10054293183189224,2660.0,0.0,3.0,0.0,0.10120341387978082,0.0,0.0,0.0,0.0
2022-01-02,0.10395092269927893,0.08831982467785851,0.10054293183189224,2660.0,0.0,3.0,0.0,0.10120341387978082,1161581.0,592564.0,569017.0,0.0
2022-01-03,0.10395092269927893,0.08831982467785851,0.10054293183189224,2664.0,4.0,3.0,0.0,0.10120341387978082,0.0,0.0,0.0,0.0
2022-01-04,0.10395092269927893,0.08831982467785851,0.10054293183189224,2666.0,2.0,3.0,0.0,0.10120341387978082,0.0,0.0,0.0,0.0
2022-01-05,0.10395092269927893,0.08831982467785851,0.10054293183189224,2669.0,3.0,3.0,0.0,0.10120341387978082,0.0,0.0,0.0,0.0
2022-01-06,0.10395092269927893,0.08831982467785851,0.10054293183189224,2671.0,2.0,3.0,0.0,0.10120341387978082,0.0,0.0,0.0,0.0
2022-01-07,0.10395092269927893,0.08831982467785851,0.10054293183189224,2753.0,82.0,3.0,0.0,0.10120341387978082,0.0,0.0,0.0,0.0
2022-01-08,0.10395092269927893,0.08831982467785851,0.10054293183189224,2760.0,7.0,3.0,0.0,0.10120341387978082,0.0,0.0,0.0,0.0
2022-01-09,0.10395092269927893,0.08831982467785851,0.10054293183189224,2781.0,21.0,3.0,0.0,0.10120341387978082,0.0,0.0,0.0,0.0
2022-01-10,0.10395092269927893,0.08831982467785851,0.10054293183189224,2802.0,21.0,3.0,0.0,0.10120341387978082,0.0,0.0,0.0,0.0
2022-01-11,0.13708303197668045,0.13749238653233364,0.12065151819827066,2830.0,28.0,3.0,0.0,0.1319098648584016,0.0,0.0,0.0,0.0
2022-01-12,0.13708303197668045,0.13749238653233364,0.12065151819827066,2837.0,7.0,3.0,0.0,0.1319098648584016,0.0,0.0,0.0,0.0
2022-01-13,0.13708303197668045,0.13749238653233364,0.12065151819827066,2873.0,36.0,3.0,0.0,0.1319098648584016,0.0,0.0,0.0,0.0
2022-01-14,0.13708303197668045,0.13749238653233364,0.12065151819827066,2886.0,13.0,3.0,0.0,0.1319098648584016,0.0,0.0,0.0,0.0
2022-01-15,0.13708303197668045,0.13749238653233364,0.12065151819827066,2904.0,18.0,3.0,0.0,0.1319098648584016,0.0,0.0,0.0,0.0
2022-01-16,0.13708303197668045,0.13749238653233364,0.12065151819827066,2928.0,24.0,3.0,0.0,0.1319098648584016,1163781.0,593634.0,570147.0,0.0
2022-01-17,0.13708303197668045,0.13749238653233364,0.12065151819827066,3069.0,141.0,3.0,0.0,0.1319098648584016,0.0,0.0,0.0,0.0
2022-01-18,0.13708303197668045,0.13749238653233364,0.12065151819827066,3170.0,101.0,3.0,0.0,0.1319098648584016,0.0,0.0,0.0,0.0
2022-01-19,0.13708303197668045,0.13749238653233364,0.12065151819827066,3229.0,59.0,3.0,0.0,0.1319098648584016,0.0,0.0,0.0,0.0
2022-01-20,0.13963429000372585,0.1416500958252999,0.12065151819827066,3317.0,88.0,3.0,0.0,0.1340687824501921,0.0,0.0,0.0,0.0
2022-01-21,0.13963429000372585,0.1416500958252999,0.12065151819827066,3458.0,141.0,3.0,0.0,0.1340687824501921,0.0,0.0,0.0,0.0
2022-01-22,0.13963429000372585,0.1416500958252999,0.12065151819827066,3557.0,99.0,3.0,0.0,0.1340687824501921,0.0,0.0,0.0,0.0
2022-01-23,0.13963429000372585,0.1416500958252999,0.12065151819827066,3649.0,92.0,3.0,0.0,0.1340687824501921,1400608.0,593737.0,570278.0,0.0
2022-01-24,0.13963429000372585,0.1416500958252999,0.12065151819827066,3811.0,162.0,3.0,0.0,0.1340687824501921,0.0,0.0,0.0,0.0
2022-01-25,0.13963429000372585,0.1416500958252999,0.12065151819827066,3951.0,140.0,3.0,0.0,0.1340687824501921,0.0,0.0,0.0,0.0
2022-01-26,0.13963429000372585,0.1416500958252999,0.12065151819827066,4089.0,138.0,3.0,0.0,0.1340687824501921,0.0,0.0,0.0,0.0
2022-01-27,0.13963429000372585,0.1416500958252999,0.12065151819827066,4225.0,136.0,3.0,0.0,0.1340687824501921,0.0,0.0,0.0,0.0
2022-01-28,0.13963429000372585,0.1416500958252999,0.12065151819827066,4430.0,205.0,4.0,1.0,0.1340687824501921,0.0,0.0,0.0,0.0
2022-01-29,0.13963429000372585,0.1416500958252999,0.12065151819827066,4566.0,136.0,4.0,0.0,0.1340687824501921,0.0,0.0,0.0,0.0
2022-01-30,0.13963429000372585,0.1416500958252999,0.12065151819827066,4685.0,119.0,4.0,0.0,0.1340687824501921,1435774.0,593980.0,570751.0,351962.0
2022-01-31,0.13963429000372585,0.1416500958252999,0.12065151819827066,4891.0,206.0,4.0,0.0,0.1340687824501921,0.0,0.0,0.0,0.0
2022-02-01,0.13605567975102456,0.13581850357023034,0.12065151819827066,5203.0,312.0,4.0,0.0,0.13104629782168536,0.0,0.0,0.0,0.0
2022-02-02,0.13605567975102456,0.13581850357023034,0.12065151819827066,5393.0,190.0,4.0,0.0,0.13104629782168536,0.0,0.0,0.0,0.0
2022-02-03,0.13605567975102456,0.13581850357023034,0.12065151819827066,5532.0,139.0,4.0,0.0,0.13104629782168536,0.0,0.0,0.0,0.0
2022-02-04,0.13605567975102456,0.13581850357023034,0.12065151819827066,5720.0,188.0,4.0,0.0,0.13104629782168536,0.0,0.0,0.0,0.0
2022-02-05,0.13605567975102456,0.13581850357023034,0.12065151819827066,5934.0,214.0,4.0,0.0,0.13104629782168536,0.0,0.0,0.0,0.0
2022-02-06,0.13605567975102456,0.13581850357023034,0.12065151819827066,6092.0,158.0,4.0,0.0,0.13104629782168536,1457542.0,594185.0,571194.0,0.0
2022-02-07,0.13605567975102456,0.13581850357023034,0.12065151819827066,6300.0,208.0,4.0,0.0,0.13104629782168536,0.0,0.0,0.0,0.0
2022-02-08,0.13605567975102456,0.13581850357023034,0.12065151819827066,6459.0,159.0,4.0,0.0,0.13104629782168536,0.0,0.0,0.0,0.0
2022-02-09,0.13605567975102456,0.13581850357023034,0.12065151819827066,6648.0,189.0,4.0,0.0,0.13104629782168536,0.0,0.0,0.0,0.0
2022-02-10,0.13605567975102456,0.13581850357023034,0.12065151819827066,6779.0,131.0,5.0,1.0,0.13104629782168536,0.0,0.0,0.0,0.0
2022-02-11,0.13605567975102456,0.13581850357023034,0.12065151819827066,6964.0,185.0,5.0,0.0,0.13104629782168536,0.0,0.0,0.0,0.0
2022-02-12,0.13605567975102456,0.13581850357023034,0.12065151819827066,7199.0,235.0,5.0,0.0,0.13104629782168536,0.0,0.0,0.0,0.0
2022-02-13,0.13605567975102456,0.13581850357023034,0.12065151819827066,7429.0,230.0,5.0,0.0,0.13104629782168536,1507848.0,594872.0,572425.0,0.0
2022-02-14,0.13605567975102456,0.13581850357023034,0.12065151819827066,7666.0,237.0,5.0,0.0,0.13104629782168536,0.0,0.0,0.0,0.0
2022-02-15,0.13605567975102456,0.13581850357023034,0.12065151819827066,7916.0,250.0,5.0,0.0,0.13104629782168536,0.0,0.0,0.0,0.0
2022-02-16,0.13605567975102456,0.13581850357023034,0.12065151819827066,8297.0,381.0,5.0,0.0,0.13104629782168536,0.0,0.0,0.0,0.0
2022-02-17,0.13605567975102456,0.13581850357023034,0.12065151819827066,8683.0,386.0,5.0,0.0,0.13104629782168536,0.0,0.0,0.0,0.0
2022-02-18,0.13605567975102456,0.13581850357023034,0.12065151819827066,9210.0,527.0,5.0,0.0,0.13104629782168536,0.0,0.0,0.0,0.0
2022-02-19,0.13605567975102456,0.13581850357023034,0.12065151819827066,9557.0,347.0,5.0,0.0,0.13104629782168536,0.0,0.0,0.0,0.0
2022-02-20,0.13605567975102456,0.13581850357023034,0.12065151819827066,10078.0,521.0,6.0,1.0,0.13104629782168536,1584463.0,596419.0,574529.0,0.0
2022-02-21,0.13605567975102456,0.13581850357023034,0.12065151819827066,10112.0,34.0,6.0,0.0,0.13104629782168536,0.0,0.0,0.0,0.0
2022-02-22,0.1324941920354176,0.13248873638755176,0.12065151819827066,10196.0,84.0,6.0,0.0,0.12800720613478023,0.0,0.0,0.0,0.0
2022-02-23,0.1324941920354176,0.13248873638755176,0.12065151819827066,10514.0,318.0,6.0,0.0,0.12800720613478023,0.0,0.0,0.0,0.0
2022-02-24,0.1324941920354176,0.13248873638755176,0.12065151819827066,11010.0,496.0,6.0,0.0,0.12800720613478023,0.0,0.0,0.0,0.0
2022-02-25,0.1324941920354176,0.13248873638755176,0.12065151819827066,11369.0,359.0,6.0,0.0,0.12800720613478023,0.0,0.0,0.0,0.0
2022-02-26,0.1324941920354176,0.13248873638755176,0.12065151819827066,11820.0,451.0,6.0,0.0,0.12800720613478023,0.0,0.0,0.0,0.0
2022-02-27,0.1324941920354176,0.13248873638755176,0.12065151819827066,12194.0,374.0,6.0,0.0,0.12800720613478023,1592652.0,596568.0,574736.0,0.0
2022-02-28,0.1324941920354176,0.13248873638755176,0.12065151819827066,12702.0,508.0,6.0,0.0,0.12800720613478023,0.0,0.0,0.0,0.0
2022-03-01,0.1324941920354176,0.13248873638755176,0.12065151819827066,13137.0,435.0,6.0,0.0,0.12800720613478023,0.0,0.0,0.0,0.0
2022-03-02,0.1324941920354176,0.13248873638755176,0.12065151819827066,13535.0,398.0,6.0,0.0,0.12800720613478023,0.0,0.0,0.0,0.0
2022-03-03,0.1324941920354176,0.13248873638755176,0.12065151819827066,13846.0,311.0,6.0,0.0,0.12800720613478023,0.0,0.0,0.0,0.0
2022-03-04,0.1324941920354176,0.13248873638755176,0.12065151819827066,14120.0,274.0,6.0,0.0,0.12800720613478023,0.0,0.0,0.0,0.0
2022-03-05,0.1324941920354176,0.13248873638755176,0.12065151819827066,14451.0,331.0,7.0,1.0,0.12800720613478023,0.0,0.0,0.0,0.0
2022-03-06,0.1284190282069827,0.12332737694980364,0.12065151819827066,14798.0,347.0,7.0,0.0,0.12455293798791538,0.0,0.0,0.0,0.0
2022-03-07,0.1284190282069827,0.12332737694980364,0.12065151819827066,15119.0,321.0,7.0,0.0,0.12455293798791538,0.0,0.0,0.0,0.0
2022-03-08,0.1284190282069827,0.12332737694980364,0.12065151819827066,15560.0,441.0,7.0,0.0,0.12455293798791538,0.0,0.0,0.0,0.0
2022-03-09,0.1284190282069827,0.12332737694980364,0.12065151819827066,15946.0,386.0,7.0,0.0,0.12455293798791538,0.0,0.0,0.0,0.0
2022-03-10,0.1284190282069827,0.12332737694980364,0.12065151819827066,16277.0,331.0,7.0,0.0,0.12455293798791538,0.0,0.0,0.0,0.0
2022-03-11,0.1284190282069827,0.12332737694980364,0.12065151819827066,16666.0,389.0,7.0,0.0,0.12455293798791538,0.0,0.0,0.0,0.0
2022-03-12,0.1284190282069827,0.12332737694980364,0.12065151819827066,17150.0,484.0,7.0,0.0,0.12455293798791538,0.0,0.0,0.0,0.0
2022-03-13,0.1284190282069827,0.12332737694980364,0.12065151819827066,17620.0,470.0,7.0,0.0,0.12455293798791538,1738277.0,682653.0,577321.0,0.0
2022-03-14,0.1284190282069827,0.12332737694980364,0.12065151819827066,18652.0,1032.0,7.0,0.0,0.12455293798791538,0.0,0.0,0.0,0.0
2022-03-15,0.1284190282069827,0.12332737694980364,0.12065151819827066,19435.0,783.0,7.0,0.0,0.12455293798791538,0.0,0.0,0.0,0.0
2022-03-16,0.1284190282069827,0.12332737694980364,0.12065151819827066,20116.0,681.0,7.0,0.0,0.12455293798791538,0.0,0.0,0.0,0.0
2022-03-17,0.1284190282069827,0.12332737694980364,0.12065151819827066,20722.0,606.0,9.0,2.0,0.12455293798791538,0.0,0.0,0.0,0.0
2022-03-18,0.1284190282069827,0.12332737694980364,0.12065151819827066,21310.0,588.0,9.0,0.0,0.12455293798791538,0.0,0.0,0.0,0.0
2022-03-19,0.1284190282069827,0.12332737694980364,0.12065151819827066,21660.0,350.0,9.0,0.0,0.12455293798791538,0.0,0.0,0.0,0.0
2022-03-20,0.1284190282069827,0.12332737694980364,0.12065151819827066,22004.0,344.0,9.0,0.0,0.12455293798791538,1787937.0,687549.0,579640.0,520748.0
2022-03-21,0.11619353672167794,0.10333077511220415,0.12065151819827066,22385.0,381.0,9.0,0.0,0.11417352648892243,0.0,0.0,0.0,0.0
2022-03-22,0.11619353672167794,0.10333077511220415,0.12065151819827066,22625.0,240.0,9.0,0.0,0.11417352648892243,0.0,0.0,0.0,0.0
2022-03-23,0.11619353672167794,0.10333077511220415,0.12065151819827066,23155.0,530.0,9.0,0.0,0.11417352648892243,0.0,0.0,0.0,0.0
2022-03-24,0.11619353672167794,0.10333077511220415,0.12065151819827066,23814.0,659.0,9.0,0.0,0.11417352648892243,0.0,0.0,0.0,0.0
2022-03-25,0.11619353672167794,0.10333077511220415,0.12065151819827066,24316.0,502.0,9.0,0.0,0.11417352648892243,0.0,0.0,0.0,0.0
2022-03-26,0.11619353672167794,0.10333077511220415,0.12065151819827066,24761.0,445.0,9.0,0.0,0.11417352648892243,0.0,0.0,0.0,0.0
2022-03-27,0.11619353672167794,0.10333077511220415,0.12065151819827066,25080.0,319.0,9.0,0.0,0.11417352648892243,1798216.0,688978.0,581668.0,527570.0
2022-03-28,0.11008079097902555,0.0933234748226404,0.12065151819827066,25080.0,0.0,9.0,0.0,0.10897551721022677,0.0,0.0,0.0,0.0
2022-03-29,0.11008079097902555,0.0933234748226404,0.12065151819827066,25876.0,796.0,10.0,1.0,0.10897551721022677,0.0,0.0,0.0,0.0
2022-03-30,0.11008079097902555,0.0933234748226404,0.12065151819827066,26963.0,1087.0,10.0,0.0,0.10897551721022677,0.0,0.0,0.0,0.0
2022-03-31,0.11008079097902555,0.0933234748226404,0.12065151819827066,28101.0,1138.0,10.0,0.0,0.10897551721022677,0.0,0.0,0.0,0.0
2022-04-01,0.11008079097902555,0.0933234748226404,0.12065151819827066,29139.0,1038.0,11.0,1.0,0.10897551721022677,0.0,0.0,0.0,0.0
2022-04-02,0.11008079097902555,0.0933234748226404,0.12065151819827066,30053.0,914.0,12.0,1.0,0.10897551721022677,0.0,0.0,0.0,0.0
2022-04-03,0.11008079097902555,0.0933234748226404,0.12065151819827066,31437.0,1384.0,12.0,0.0,0.10897551721022677,1804259.0,689748.0,582523.0,531988.0
2022-04-04,0.11008079097902555,0.0933234748226404,0.12065151819827066,31927.0,490.0,12.0,0.0,0.10897551721022677,0.0,0.0,0.0,0.0
2022-04-05,0.11619353672167794,0.10333077511220415,0.12065151819827066,33146.0,1219.0,12.0,0.0,0.11417352648892243,0.0,0.0,0.0,0.0
2022-04-06,0.11619353672167794,0.10333077511220415,0.12065151819827066,35437.0,2291.0,12.0,0.0,0.11417352648892243,0.0,0.0,0.0,0.0
2022-04-07,0.11619353672167794,0.10333077511220415,0.12065151819827066,37049.0,1612.0,12.0,0.0,0.11417352648892243,0.0,0.0,0.0,0.0
2022-04-08,0.11619353672167794,0.10333077511220415,0.12065151819827066,38921.0,1872.0,13.0,1.0,0.11417352648892243,0.0,0.0,0.0,0.0
2022-04-09,0.11619353672167794,0.10333077511220415,0.12065151819827066,40629.0,1708.0,14.0,1.0,0.11417352648892243,0.0,0.0,0.0,0.0
2022-04-10,0.11619353672167794,0.10333077511220415,0.12065151819827066,42222.0,1593.0,14.0,0.0,0.11417352648892243,1888156.0,691290.0,662656.0,534210.0
2022-04-11,0.11211837289324303,0.096653242005319,0.12065151819827066,42856.0,634.0,14.0,0.0,0.11071925834205759,0.0,0.0,0.0,0.0
2022-04-12,0.11211837289324303,0.096653242005319,0.12065151819827066,45056.0,2200.0,14.0,0.0,0.11071925834205759,0.0,0.0,0.0,0.0
2022-04-13,0.11211837289324303,0.096653242005319,0.12065151819827066,47187.0,2131.0,14.0,0.0,0.11071925834205759,0.0,0.0,0.0,0.0
2022-04-14,0.11211837289324303,0.096653242005319,0.12065151819827066,49066.0,1879.0,15.0,1.0,0.11071925834205759,0.0,0.0,0.0,0.0
2022-04-15,0.11211837289324303,0.096653242005319,0.12065151819827066,50433.0,1367.0,16.0,1.0,0.11071925834205759,0.0,0.0,0.0,0.0
2022-04-16,0.11211837289324303,0.096653242005319,0.12065151819827066,51800.0,1367.0,16.0,0.0,0.11071925834205759,0.0,0.0,0.0,0.0
2022-04-17,0.11211837289324303,0.096653242005319,0.12065151819827066,52796.0,996.0,18.0,2.0,0.11071925834205759,0.0,0.0,0.0,0.0
2022-04-18,0.11211837289324303,0.096653242005319,0.12065151819827066,53104.0,308.0,18.0,0.0,0.11071925834205759,0.0,0.0,0.0,0.0
2022-04-19,0.09172543121397417,0.06999710580236229,0.12065151819827066,54592.0,1488.0,19.0,1.0,0.09341470349093653,0.0,0.0,0.0,0.0
2022-04-20,0.09172543121397417,0.06999710580236229,0.12065151819827066,55606.0,1014.0,19.0,0.0,0.09341470349093653,0.0,0.0,0.0,0.0
2022-04-21,0.09172543121397417,0.06999710580236229,0.12065151819827066,56301.0,695.0,19.0,0.0,0.09341470349093653,0.0,0.0,0.0,0.0
2022-04-22,0.09172543121397417,0.06999710580236229,0.12065151819827066,56603.0,302.0,20.0,1.0,0.09341470349093653,0.0,0.0,0.0,0.0
2022-04-23,0.09172543121397417,0.06999710580236229,0.12065151819827066,57340.0,737.0,20.0,0.0,0.09341470349093653,0.0,0.0,0.0,0.0
2022-04-24,0.09172543121397417,0.06999710580236229,0.12065151819827066,57771.0,431.0,20.0,0.0,0.09341470349093653,1902438.0,692170.0,670303.0,539965.0
2022-04-25,0.09172543121397417,0.06999710580236229,0.12065151819827066,57909.0,138.0,20.0,0.0,0.09341470349093653,0.0,0.0,0.0,0.0
2022-04-26,0.09172543121397417,0.06999710580236229,0.12065151819827066,58373.0,464.0,20.0,0.0,0.09341470349093653,0.0,0.0,0.0,0.0
2022-04-27,0.09172543121397417,0.06999710580236229,0.12065151819827066,58643.0,270.0,20.0,0.0,0.09341470349093653,0.0,0.0,0.0,0.0
2022-04-28,0.09172543121397417,0.06999710580236229,0.12065151819827066,58876.0,233.0,20.0,0.0,0.09341470349093653,0.0,0.0,0.0,0.0
2022-04-29,0.09172543121397417,0.06999710580236229,0.12065151819827066,59054.0,178.0,21.0,1.0,0.09341470349093653,0.0,0.0,0.0,0.0
2022-04-30,0.09172543121397417,0.06999710580236229,0.12065151819827066,59163.0,109.0,21.0,0.0,0.09341470349093653,1906606.0,692549.0,671505.0,542552.0
2022-05-01,0.09172543121397417,0.06999710580236229,0.12065151819827066,59219.0,56.0,21.0,0.0,0.09341470349093653,0.0,0.0,0.0,0.0
2022-05-02,0.09172543121397417,0.06999710580236229,0.12065151819827066,59247.0,28.0,21.0,0.0,0.09341470349093653,0.0,0.0,0.0,0.0
2022-05-03,0.09172543121397417,0.06999710580236229,0.12065151819827066,59274.0,27.0,21.0,0.0,0.09341470349093653,0.0,0.0,0.0,0.0
2022-05-04,0.09172543121397417,0.06999710580236229,0.12065151819827066,59358.0,84.0,21.0,0.0,0.09341470349093653,0.0,0.0,0.0,0.0
2022-05-05,0.09172543121397417,0.06999710580236229,0.12065151819827066,59422.0,64.0,21.0,0.0,0.09341470349093653,0.0,0.0,0.0,0.0
2022-05-06,0.09172543121397417,0.06999710580236229,0.12065151819827066,59450.0,28.0,21.0,0.0,0.09341470349093653,0.0,0.0,0.0,0.0
2022-05-07,0.09172543121397417,0.06999710580236229,0.12065151819827066,59483.0,33.0,21.0,0.0,0.09341470349093653,0.0,0.0,0.0,0.0
2022-05-08,0.09172543121397417,0.06999710580236229,0.12065151819827066,59497.0,14.0,21.0,0.0,0.09341470349093653,0.0,0.0,0.0,0.0
2022-05-09,0.07338719398601704,0.03999320367519903,0.12065151819827066,59512.0,15.0,21.0,0.0,0.07783728271324791,1907509.0,692638.0,671861.0,543010.0
2022-05-10,0.07338719398601704,0.03999320367519903,0.12065151819827066,59530.0,18.0,21.0,0.0,0.07783728271324791,0.0,0.0,0.0,0.0
2022-05-11,0.07338719398601704,0.03999320367519903,0.12065151819827066,59540.0,10.0,21.0,0.0,0.07783728271324791,0.0,0.0,0.0,0.0
2022-05-12,0.07338719398601704,0.03999320367519903,0.12065151819827066,59552.0,12.0,21.0,0.0,0.07783728271324791,0.0,0.0,0.0,0.0
2022-05-13,0.07338719398601704,0.03999320367519903,0.12065151819827066,59564.0,12.0,21.0,0.0,0.07783728271324791,0.0,0.0,0.0,0.0
2022-05-14,0.07338719398601704,0.03999320367519903,0.12065151819827066,59566.0,2.0,21.0,0.0,0.07783728271324791,0.0,0.0,0.0,0.0
2022-05-15,0.07338719398601704,0.03999320367519903,0.12065151819827066,59570.0,4.0,21.0,0.0,0.07783728271324791,0.0,0.0,0.0,0.0
2022-05-16,0.07338719398601704,0.03999320367519903,0.12065151819827066,59574.0,4.0,21.0,0.0,0.07783728271324791,0.0,0.0,0.0,0.0
2022-05-17,0.07338719398601704,0.03999320367519903,0.12065151819827066,59574.0,0.0,21.0,0.0,0.07783728271324791,0.0,0.0,0.0,0.0
2022-05-18,0.07338719398601704,0.03999320367519903,0.12065151819827066,59574.0,0.0,21.0,0.0,0.07783728271324791,0.0,0.0,0.0,0.0
2022-05-19,0.07338719398601704,0.03999320367519903,0.12065151819827066,59574.0,0.0,21.0,0.0,0.07783728271324791,0.0,0.0,0.0,0.0
2022-05-20,0.07338719398601704,0.03999320367519903,0.12065151819827066,59574.0,0.0,21.0,0.0,0.07783728271324791,0.0,0.0,0.0,0.0
2022-05-21,0.07338719398601704,0.03999320367519903,0.12065151819827066,59574.0,0.0,21.0,0.0,0.07783728271324791,0.0,0.0,0.0,0.0
2022-05-22,0.07338719398601704,0.03999320367519903,0.12065151819827066,59574.0,0.0,21.0,0.0,0.07783728271324791,1908189.0,692716.0,672030.0,543443.0
2022-05-23,0.07338719398601704,0.03999320367519903,0.12065151819827066,59614.0,40.0,21.0,0.0,0.07783728271324791,0.0,0.0,0.0,0.0
2022-05-24,0.07338719398601704,0.03999320367519903,0.12065151819827066,59614.0,0.0,21.0,0.0,0.07783728271324791,0.0,0.0,0.0,0.0
2022-05-25,0.07338719398601704,0.03999320367519903,0.12065151819827066,59614.0,0.0,21.0,0.0,0.07783728271324791,0.0,0.0,0.0,0.0
2022-05-26,0.07338719398601704,0.03999320367519903,0.12065151819827066,59614.0,0.0,21.0,0.0,0.07783728271324791,0.0,0.0,0.0,0.0
2022-05-27,0.07338719398601704,0.03999320367519903,0.12065151819827066,59614.0,0.0,21.0,0.0,0.07783728271324791,0.0,0.0,0.0,0.0
2022-05-28,0.07338719398601704,0.03999320367519903,0.12065151819827066,59614.0,0.0,21.0,0.0,0.07783728271324791,0.0,0.0,0.0,0.0
2022-05-29,0.07338719398601704,0.03999320367519903,0.12065151819827066,59614.0,0.0,21.0,0.0,0.07783728271324791,1908742.0,692775.0,672164.0,543803.0
2022-05-30,0.07338719398601704,0.03999320367519903,0.12065151819827066,59628.0,14.0,21.0,0.0,0.07783728271324791,0.0,0.0,0.0,0.0
2022-05-31,0.07338719398601704,0.03999320367519903,0.12065151819827066,59628.0,0.0,21.0,0.0,0.07783728271324791,0.0,0.0,0.0,0.0
2022-06-01,0.07338719398601704,0.03999320367519903,0.12065151819827066,59628.0,0.0,21.0,0.0,0.07783728271324791,0.0,0.0,0.0,0.0
2022-06-02,0.07338719398601704,0.03999320367519903,0.12065151819827066,59628.0,0.0,21.0,0.0,0.07783728271324791,0.0,0.0,0.0,0.0
2022-06-03,0.07338719398601704,0.03999320367519903,0.12065151819827066,59628.0,0.0,21.0,0.0,0.07783728271324791,0.0,0.0,0.0,0.0
2022-06-04,0.07338719398601704,0.03999320367519903,0.12065151819827066,59628.0,0.0,21.0,0.0,0.07783728271324791,0.0,0.0,0.0,0.0
2022-06-05,0.07338719398601704,0.03999320367519903,0.12065151819827066,59628.0,0.0,21.0,0.0,0.07783728271324791,1909762.0,692874.0,672508.0,544380.0
2022-06-06,0.07338719398601704,0.03999320367519903,0.12065151819827066,59636.0,8.0,21.0,0.0,0.07783728271324791,0.0,0.0,0.0,0.0
2022-06-07,0.07338719398601704,0.03999320367519903,0.12065151819827066,59636.0,0.0,21.0,0.0,0.07783728271324791,0.0,0.0,0.0,0.0
2022-06-08,0.07338719398601704,0.03999320367519903,0.12065151819827066,59636.0,0.0,21.0,0.0,0.07783728271324791,0.0,0.0,0.0,0.0
2022-06-09,0.07338719398601704,0.03999320367519903,0.12065151819827066,59636.0,0.0,21.0,0.0,0.07783728271324791,0.0,0.0,0.0,0.0
2022-06-10,0.07338719398601704,0.03999320367519903,0.12065151819827066,59636.0,0.0,21.0,0.0,0.07783728271324791,0.0,0.0,0.0,0.0
2022-06-11,0.07338719398601704,0.03999320367519903,0.12065151819827066,59636.0,0.0,21.0,0.0,0.07783728271324791,0.0,0.0,0.0,0.0
2022-06-12,0.07338719398601704,0.03999320367519903,0.12065151819827066,59636.0,0.0,21.0,0.0,0.07783728271324791,1910077.0,692909.0,672575.0,544593.0
2022-06-13,0.07338719398601704,0.03999320367519903,0.12065151819827066,59644.0,8.0,21.0,0.0,0.07783728271324791,0.0,0.0,0.0,0.0
2022-06-14,0.07338719398601704,0.03999320367519903,0.12065151819827066,59644.0,0.0,21.0,0.0,0.07783728271324791,0.0,0.0,0.0,0.0
2022-06-15,0.07338719398601704,0.03999320367519903,0.12065151819827066,59644.0,0.0,21.0,0.0,0.07783728271324791,0.0,0.0,0.0,0.0
2022-06-16,0.07338719398601704,0.03999320367519903,0.12065151819827066,59644.0,0.0,21.0,0.0,0.07783728271324791,0.0,0.0,0.0,0.0
2022-06-17,0.07338719398601704,0.03999320367519903,0.12065151819827066,59644.0,0.0,21.0,0.0,0.07783728271324791,0.0,0.0,0.0,0.0
2022-06-18,0.07338719398601704,0.03999320367519903,0.12065151819827066,59644.0,0.0,21.0,0.0,0.07783728271324791,0.0,0.0,0.0,0.0
2022-06-19,0.07338719398601704,0.03999320367519903,0.12065151819827066,59644.0,0.0,21.0,0.0,0.07783728271324791,0.0,0.0,0.0,0.0
2022-06-20,0.07338719398601704,0.03999320367519903,0.12065151819827066,59674.0,30.0,21.0,0.0,0.07783728271324791,0.0,0.0,0.0,0.0
2022-06-21,0.07338719398601704,0.03999320367519903,0.12065151819827066,59674.0,0.0,21.0,0.0,0.07783728271324791,0.0,0.0,0.0,0.0
2022-06-22,0.07338719398601704,0.03999320367519903,0.12065151819827066,59674.0,0.0,21.0,0.0,0.07783728271324791,0.0,0.0,0.0,0.0
2022-06-23,0.07338719398601704,0.03999320367519903,0.12065151819827066,59674.0,0.0,21.0,0.0,0.07783728271324791,0.0,0.0,0.0,0.0
2022-06-24,0.07338719398601704,0.03999320367519903,0.12065151819827066,59674.0,0.0,21.0,0.0,0.07783728271324791,0.0,0.0,0.0,0.0
2022-06-25,0.07338719398601704,0.03999320367519903,0.12065151819827066,59674.0,0.0,21.0,0.0,0.07783728271324791,0.0,0.0,0.0,0.0
2022-06-26,0.07338719398601704,0.03999320367519903,0.12065151819827066,59674.0,0.0,21.0,0.0,0.07783728271324791,0.0,0.0,0.0,0.0
2022-06-27,0.07338719398601704,0.03999320367519903,0.12065151819827066,59729.0,55.0,21.0,0.0,0.07783728271324791,0.0,0.0,0.0,0.0
2022-06-28,0.07338719398601704,0.03999320367519903,0.12065151819827066,59729.0,0.0,21.0,0.0,0.07783728271324791,0.0,0.0,0.0,0.0
2022-06-29,0.07338719398601704,0.03999320367519903,0.12065151819827066,59729.0,0.0,21.0,0.0,0.07783728271324791,0.0,0.0,0.0,0.0
2022-06-30,0.07338719398601704,0.03999320367519903,0.12065151819827066,59729.0,0.0,21.0,0.0,0.07783728271324791,0.0,0.0,0.0,0.0
2022-07-01,0.07338719398601704,0.03999320367519903,0.12065151819827066,59729.0,0.0,21.0,0.0,0.07783728271324791,0.0,0.0,0.0,0.0
2022-07-02,0.07338719398601704,0.03999320367519903,0.12065151819827066,59729.0,0.0,21.0,0.0,0.07783728271324791,0.0,0.0,0.0,0.0
2022-07-03,0.07338719398601704,0.03999320367519903,0.12065151819827066,59729.0,0.0,21.0,0.0,0.07783728271324791,0.0,0.0,0.0,0.0
2022-07-04,0.07338719398601704,0.03999320367519903,0.12065151819827066,59824.0,95.0,21.0,0.0,0.07783728271324791,0.0,0.0,0.0,0.0
2022-07-05,0.07338719398601704,0.03999320367519903,0.12065151819827066,59824.0,0.0,21.0,0.0,0.07783728271324791,0.0,0.0,0.0,0.0
2022-07-06,0.07338719398601704,0.03999320367519903,0.12065151819827066,59824.0,0.0,21.0,0.0,0.07783728271324791,0.0,0.0,0.0,0.0
2022-07-07,0.07338719398601704,0.03999320367519903,0.12065151819827066,59824.0,0.0,21.0,0.0,0.07783728271324791,0.0,0.0,0.0,0.0
2022-07-08,0.07338719398601704,0.03999320367519903,0.12065151819827066,59824.0,0.0,21.0,0.0,0.07783728271324791,0.0,0.0,0.0,0.0
2022-07-09,0.07338719398601704,0.03999320367519903,0.12065151819827066,59824.0,0.0,21.0,0.0,0.07783728271324791,0.0,0.0,0.0,0.0
2022-07-10,0.07338719398601704,0.03999320367519903,0.12065151819827066,59824.0,0.0,21.0,0.0,0.07783728271324791,1911349.0,693033.0,672775.0,545541.0
2022-07-11,0.07338719398601704,0.03999320367519903,0.12065151819827066,59940.0,116.0,21.0,0.0,0.07783728271324791,0.0,0.0,0.0,0.0
2022-07-12,0.07338719398601704,0.03999320367519903,0.12065151819827066,59940.0,0.0,21.0,0.0,0.07783728271324791,0.0,0.0,0.0,0.0
2022-07-13,0.07338719398601704,0.03999320367519903,0.12065151819827066,59940.0,0.0,21.0,0.0,0.07783728271324791,0.0,0.0,0.0,0.0
2022-07-14,0.07338719398601704,0.03999320367519903,0.12065151819827066,59940.0,0.0,21.0,0.0,0.07783728271324791,0.0,0.0,0.0,0.0
2022-07-15,0.07338719398601704,0.03999320367519903,0.12065151819827066,59940.0,0.0,21.0,0.0,0.07783728271324791,0.0,0.0,0.0,0.0
2022-07-16,0.07338719398601704,0.03999320367519903,0.12065151819827066,59940.0,0.0,21.0,0.0,0.07783728271324791,0.0,0.0,0.0,0.0
2022-07-17,0.07338719398601704,0.03999320367519903,0.12065151819827066,59940.0,0.0,21.0,0.0,0.07783728271324791,1911837.0,693082.0,672851.0,545904.0
2022-07-18,0.07338719398601704,0.03999320367519903,0.12065151819827066,60109.0,169.0,21.0,0.0,0.07783728271324791,0.0,0.0,0.0,0.0
2022-07-19,0.07338719398601704,0.03999320367519903,0.12065151819827066,60109.0,0.0,21.0,0.0,0.07783728271324791,0.0,0.0,0.0,0.0
2022-07-20,0.07338719398601704,0.03999320367519903,0.12065151819827066,60109.0,0.0,21.0,0.0,0.07783728271324791,0.0,0.0,0.0,0.0
2022-07-21,0.07338719398601704,0.03999320367519903,0.12065151819827066,60109.0,0.0,21.0,0.0,0.07783728271324791,0.0,0.0,0.0,0.0
2022-07-22,0.07338719398601704,0.03999320367519903,0.12065151819827066,60109.0,0.0,21.0,0.0,0.07783728271324791,0.0,0.0,0.0,0.0
2022-07-23,0.07338719398601704,0.03999320367519903,0.12065151819827066,60109.0,0.0,21.0,0.0,0.07783728271324791,0.0,0.0,0.0,0.0
2022-07-24,0.07134961207179959,0.030003902127163272,0.0,60109.0,0.0,21.0,0.0,0.07783728271324791,1914505.0,693546.0,673113.0,547846.0
2022-07-25,0.07134961207179959,0.030003902127163272,0.0,60368.0,259.0,21.0,0.0,0.07783728271324791,0.0,0.0,0.0,0.0
2022-07-26,0.07134961207179959,0.030003902127163272,0.0,60368.0,0.0,21.0,0.0,0.07783728271324791,0.0,0.0,0.0,0.0
2022-07-27,0.07134961207179959,0.030003902127163272,0.0,60368.0,0.0,21.0,0.0,0.07783728271324791,0.0,0.0,0.0,0.0
2022-07-28,0.07134961207179959,0.030003902127163272,0.0,60368.0,0.0,21.0,0.0,0.07783728271324791,0.0,0.0,0.0,0.0
2022-07-29,0.07134961207179959,0.030003902127163272,0.0,60368.0,0.0,21.0,0.0,0.07783728271324791,0.0,0.0,0.0,0.0
2022-07-30,0.07134961207179959,0.030003902127163272,0.0,60368.0,0.0,21.0,0.0,0.07783728271324791,0.0,0.0,0.0,0.0
2022-07-31,0.07134961207179959,0.030003902127163272,0.0,60368.0,0.0,21.0,0.0,0.07783728271324791,1917605.0,694208.0,673485.0,549912.0
2022-08-01,0.07134961207179959,0.030003902127163272,0.0,60530.0,162.0,21.0,0.0,0.07783728271324791,0.0,0.0,0.0,0.0
2022-08-02,0.07134961207179959,0.030003902127163272,0.0,60530.0,0.0,21.0,0.0,0.07783728271324791,0.0,0.0,0.0,0.0
2022-08-03,0.07134961207179959,0.030003902127163272,0.0,60530.0,0.0,21.0,0.0,0.07783728271324791,0.0,0.0,0.0,0.0
2022-08-04,0.07134961207179959,0.030003902127163272,0.0,60530.0,0.0,21.0,0.0,0.07783728271324791,0.0,0.0,0.0,0.0
2022-08-05,0.07134961207179959,0.030003902127163272,0.0,60530.0,0.0,21.0,0.0,0.07783728271324791,0.0,0.0,0.0,0.0
2022-08-06,0.07134961207179959,0.030003902127163272,0.0,60530.0,0.0,21.0,0.0,0.07783728271324791,0.0,0.0,0.0,0.0
2022-08-07,0.07134961207179959,0.030003902127163272,0.0,60530.0,0.0,21.0,0.0,0.07783728271324791,0.0,0.0,0.0,0.0
2022-08-08,0.07134961207179959,0.030003902127163272,0.0,60663.0,133.0,21.0,0.0,0.07783728271324791,0.0,0.0,0.0,0.0
2022-08-09,0.07134961207179959,0.030003902127163272,0.0,60663.0,0.0,21.0,0.0,0.07783728271324791,0.0,0.0,0.0,0.0
2022-08-10,0.07134961207179959,0.030003902127163272,0.0,60663.0,0.0,21.0,0.0,0.07783728271324791,0.0,0.0,0.0,0.0
2022-08-11,0.07134961207179959,0.030003902127163272,0.0,60663.0,0.0,21.0,0.0,0.07783728271324791,0.0,0.0,0.0,0.0
2022-08-12,0.07134961207179959,0.030003902127163272,0.0,60663.0,0.0,21.0,0.0,0.07783728271324791,0.0,0.0,0.0,0.0
2022-08-13,0.07134961207179959,0.030003902127163272,0.0,60663.0,0.0,21.0,0.0,0.07783728271324791,0.0,0.0,0.0,0.0
2022-08-14,0.07134961207179959,0.030003902127163272,0.0,60663.0,0.0,21.0,0.0,0.07783728271324791,1922660.0,695033.0,674055.0,553572.0
2022-08-15,0.07134961207179959,0.030003902127163272,0.0,60779.0,116.0,21.0,0.0,0.07783728271324791,0.0,0.0,0.0,0.0
2022-08-16,0.07134961207179959,0.030003902127163272,0.0,60779.0,0.0,21.0,0.0,0.07783728271324791,0.0,0.0,0.0,0.0
2022-08-17,0.07134961207179959,0.030003902127163272,0.0,60779.0,0.0,21.0,0.0,0.07783728271324791,0.0,0.0,0.0,0.0
2022-08-18,0.07134961207179959,0.030003902127163272,0.0,60779.0,0.0,21.0,0.0,0.07783728271324791,0.0,0.0,0.0,0.0
2022-08-19,0.07134961207179959,0.030003902127163272,0.0,60779.0,0.0,21.0,0.0,0.07783728271324791,0.0,0.0,0.0,0.0
2022-08-20,0.07134961207179959,0.030003902127163272,0.0,60779.0,0.0,21.0,0.0,0.07783728271324791,0.0,0.0,0.0,0.0
2022-08-21,0.07134961207179959,0.030003902127163272,0.0,60779.0,0.0,21.0,0.0,0.07783728271324791,1927415.0,695674.0,674846.0,556895.0
2022-08-22,0.07134961207179959,0.030003902127163272,0.0,60898.0,119.0,21.0,0.0,0.07783728271324791,0.0,0.0,0.0,0.0
2022-08-23,0.0,0.0,0.0,60898.0,0.0,21.0,0.0,0.07783728271324791,0.0,0.0,0.0,0.0
2022-08-24,0.0,0.0,0.0,60898.0,0.0,21.0,0.0,0.07783728271324791,0.0,0.0,0.0,0.0
2022-08-25,0.0,0.0,0.0,60898.0,0.0,21.0,0.0,0.07783728271324791,0.0,0.0,0.0,0.0
2022-08-26,0.0,0.0,0.0,60898.0,0.0,21.0,0.0,0.07783728271324791,0.0,0.0,0.0,0.0
2022-08-27,0.0,0.0,0.0,60898.0,0.0,21.0,0.0,0.07783728271324791,0.0,0.0,0.0,0.0
2022-08-28,0.0,0.0,0.0,60898.0,0.0,21.0,0.0,0.07783728271324791,0.0,0.0,0.0,0.0
2022-08-29,0.0,0.0,0.0,61076.0,178.0,21.0,0.0,0.07783728271324791,0.0,0.0,0.0,0.0
2022-08-30,0.0,0.0,0.0,61076.0,0.0,21.0,0.0,0.07783728271324791,0.0,0.0,0.0,0.0
2022-08-31,0.0,0.0,0.0,61076.0,0.0,21.0,0.0,0.07783728271324791,0.0,0.0,0.0,0.0
2022-09-01,0.0,0.0,0.0,61076.0,0.0,21.0,0.0,0.07783728271324791,0.0,0.0,0.0,0.0
2022-09-02,0.0,0.0,0.0,61076.0,0.0,21.0,0.0,0.07783728271324791,0.0,0.0,0.0,0.0
2022-09-03,0.0,0.0,0.0,61076.0,0.0,21.0,0.0,0.07783728271324791,0.0,0.0,0.0,0.0
2022-09-04,0.0,0.0,0.0,61076.0,0.0,21.0,0.0,0.07783728271324791,0.0,0.0,0.0,0.0
2022-09-05,0.0,0.0,0.0,61233.0,157.0,21.0,0.0,0.07783728271324791,0.0,0.0,0.0,0.0
2022-09-06,0.0,0.0,0.0,61233.0,0.0,21.0,0.0,0.07783728271324791,0.0,0.0,0.0,0.0
2022-09-07,0.0,0.0,0.0,61233.0,0.0,21.0,0.0,0.07783728271324791,0.0,0.0,0.0,0.0
2022-09-08,0.0,0.0,0.0,61233.0,0.0,21.0,0.0,0.07783728271324791,0.0,0.0,0.0,0.0
2022-09-09,0.0,0.0,0.0,61233.0,0.0,21.0,0.0,0.07783728271324791,0.0,0.0,0.0,0.0
2022-09-10,0.0,0.0,0.0,61233.0,0.0,21.0,0.0,0.07783728271324791,0.0,0.0,0.0,0.0
2022-09-11,0.0,0.0,0.0,61233.0,0.0,21.0,0.0,0.07783728271324791,0.0,0.0,0.0,0.0
